source_model_name,anchor_timestamp,selection_role,tenant_count,mean_regret_uah
nbeatsx_official_global_panel_horizon_calibrated_v1,2026-04-12T23:00:00,raw_reference,5,301.57152892345016
nbeatsx_official_global_panel_horizon_calibrated_v1,2026-04-12T23:00:00,strict_reference,5,148.38283425116202
nbeatsx_official_global_panel_horizon_calibrated_v1,2026-04-12T23:00:00,schedule_value_learner_v2_reference,5,21.210547746548762
nbeatsx_official_global_panel_horizon_calibrated_v1,2026-04-12T23:00:00,schedule_value_learner_v2_plus,5,21.210547746548762
nbeatsx_official_global_panel_horizon_calibrated_v1,2026-04-13T23:00:00,raw_reference,5,557.1288061156922
nbeatsx_official_global_panel_horizon_calibrated_v1,2026-04-13T23:00:00,strict_reference,5,382.86178823537534
nbeatsx_official_global_panel_horizon_calibrated_v1,2026-04-13T23:00:00,schedule_value_learner_v2_reference,5,212.6183613791511
nbeatsx_official_global_panel_horizon_calibrated_v1,2026-04-13T23:00:00,schedule_value_learner_v2_plus,5,193.82502185919034
nbeatsx_official_global_panel_horizon_calibrated_v1,2026-04-14T23:00:00,raw_reference,5,634.2970576697902
nbeatsx_official_global_panel_horizon_calibrated_v1,2026-04-14T23:00:00,strict_reference,5,640.4602680944347
nbeatsx_official_global_panel_horizon_calibrated_v1,2026-04-14T23:00:00,schedule_value_learner_v2_reference,5,353.67858929772933
nbeatsx_official_global_panel_horizon_calibrated_v1,2026-04-14T23:00:00,schedule_value_learner_v2_plus,5,200.56471023160708
nbeatsx_official_global_panel_horizon_calibrated_v1,2026-04-15T23:00:00,raw_reference,5,905.1168331782377
nbeatsx_official_global_panel_horizon_calibrated_v1,2026-04-15T23:00:00,strict_reference,5,72.058072327948
nbeatsx_official_global_panel_horizon_calibrated_v1,2026-04-15T23:00:00,schedule_value_learner_v2_reference,5,162.55358813297713
nbeatsx_official_global_panel_horizon_calibrated_v1,2026-04-15T23:00:00,schedule_value_learner_v2_plus,5,191.06969947991456
nbeatsx_official_global_panel_horizon_calibrated_v1,2026-04-16T23:00:00,raw_reference,5,124.58205889803921
nbeatsx_official_global_panel_horizon_calibrated_v1,2026-04-16T23:00:00,strict_reference,5,184.96478180511843
nbeatsx_official_global_panel_horizon_calibrated_v1,2026-04-16T23:00:00,schedule_value_learner_v2_reference,5,81.35588843063996
nbeatsx_official_global_panel_horizon_calibrated_v1,2026-04-16T23:00:00,schedule_value_learner_v2_plus,5,68.79949102653408
nbeatsx_official_global_panel_horizon_calibrated_v1,2026-04-17T23:00:00,raw_reference,5,231.01096221165548
nbeatsx_official_global_panel_horizon_calibrated_v1,2026-04-17T23:00:00,strict_reference,5,308.3385910012233
nbeatsx_official_global_panel_horizon_calibrated_v1,2026-04-17T23:00:00,schedule_value_learner_v2_reference,5,175.54848263989328
nbeatsx_official_global_panel_horizon_calibrated_v1,2026-04-17T23:00:00,schedule_value_learner_v2_plus,5,91.2926171182356
nbeatsx_official_global_panel_horizon_calibrated_v1,2026-04-18T23:00:00,raw_reference,5,207.21266331744664
nbeatsx_official_global_panel_horizon_calibrated_v1,2026-04-18T23:00:00,strict_reference,5,488.1448729896007
nbeatsx_official_global_panel_horizon_calibrated_v1,2026-04-18T23:00:00,schedule_value_learner_v2_reference,5,138.59316898609237
nbeatsx_official_global_panel_horizon_calibrated_v1,2026-04-18T23:00:00,schedule_value_learner_v2_plus,5,84.4494073486364
nbeatsx_official_global_panel_horizon_calibrated_v1,2026-04-19T23:00:00,raw_reference,5,549.6314997709853
nbeatsx_official_global_panel_horizon_calibrated_v1,2026-04-19T23:00:00,strict_reference,5,655.932965559841
nbeatsx_official_global_panel_horizon_calibrated_v1,2026-04-19T23:00:00,schedule_value_learner_v2_reference,5,329.7108349661161
nbeatsx_official_global_panel_horizon_calibrated_v1,2026-04-19T23:00:00,schedule_value_learner_v2_plus,5,234.1779434850088
nbeatsx_official_global_panel_horizon_calibrated_v1,2026-04-20T23:00:00,raw_reference,5,256.5389641651494
nbeatsx_official_global_panel_horizon_calibrated_v1,2026-04-20T23:00:00,strict_reference,5,108.15659040007085
nbeatsx_official_global_panel_horizon_calibrated_v1,2026-04-20T23:00:00,schedule_value_learner_v2_reference,5,51.301091486739004
nbeatsx_official_global_panel_horizon_calibrated_v1,2026-04-20T23:00:00,schedule_value_learner_v2_plus,5,51.301091486739004
nbeatsx_official_global_panel_horizon_calibrated_v1,2026-04-21T23:00:00,raw_reference,5,424.9996257573224
nbeatsx_official_global_panel_horizon_calibrated_v1,2026-04-21T23:00:00,strict_reference,5,128.24867254881156
nbeatsx_official_global_panel_horizon_calibrated_v1,2026-04-21T23:00:00,schedule_value_learner_v2_reference,5,129.39784053988274
nbeatsx_official_global_panel_horizon_calibrated_v1,2026-04-21T23:00:00,schedule_value_learner_v2_plus,5,45.073188902256064
nbeatsx_official_global_panel_horizon_calibrated_v1,2026-04-22T23:00:00,raw_reference,5,247.3374335800043
nbeatsx_official_global_panel_horizon_calibrated_v1,2026-04-22T23:00:00,strict_reference,5,352.409928873023
nbeatsx_official_global_panel_horizon_calibrated_v1,2026-04-22T23:00:00,schedule_value_learner_v2_reference,5,76.35231820909576
nbeatsx_official_global_panel_horizon_calibrated_v1,2026-04-22T23:00:00,schedule_value_learner_v2_plus,5,68.92262252188956
nbeatsx_official_global_panel_horizon_calibrated_v1,2026-04-23T23:00:00,raw_reference,5,440.42140299937654
nbeatsx_official_global_panel_horizon_calibrated_v1,2026-04-23T23:00:00,strict_reference,5,128.1175814848475
nbeatsx_official_global_panel_horizon_calibrated_v1,2026-04-23T23:00:00,schedule_value_learner_v2_reference,5,103.1700911539755
nbeatsx_official_global_panel_horizon_calibrated_v1,2026-04-23T23:00:00,schedule_value_learner_v2_plus,5,41.182584055329926
nbeatsx_official_global_panel_horizon_calibrated_v1,2026-04-24T23:00:00,raw_reference,5,286.9144084031521
nbeatsx_official_global_panel_horizon_calibrated_v1,2026-04-24T23:00:00,strict_reference,5,14.93794044125816
nbeatsx_official_global_panel_horizon_calibrated_v1,2026-04-24T23:00:00,schedule_value_learner_v2_reference,5,14.825729222358996
nbeatsx_official_global_panel_horizon_calibrated_v1,2026-04-24T23:00:00,schedule_value_learner_v2_plus,5,2.502601193433475
nbeatsx_official_global_panel_horizon_calibrated_v1,2026-04-25T23:00:00,raw_reference,5,962.8205663331988
nbeatsx_official_global_panel_horizon_calibrated_v1,2026-04-25T23:00:00,strict_reference,5,1132.6840559538937
nbeatsx_official_global_panel_horizon_calibrated_v1,2026-04-25T23:00:00,schedule_value_learner_v2_reference,5,1132.6840559538937
nbeatsx_official_global_panel_horizon_calibrated_v1,2026-04-25T23:00:00,schedule_value_learner_v2_plus,5,1132.6840559538937
nbeatsx_official_global_panel_horizon_calibrated_v1,2026-04-26T23:00:00,raw_reference,5,367.1807194530618
nbeatsx_official_global_panel_horizon_calibrated_v1,2026-04-26T23:00:00,strict_reference,5,30.94993490025836
nbeatsx_official_global_panel_horizon_calibrated_v1,2026-04-26T23:00:00,schedule_value_learner_v2_reference,5,40.96163304074007
nbeatsx_official_global_panel_horizon_calibrated_v1,2026-04-26T23:00:00,schedule_value_learner_v2_plus,5,28.141651634333357
nbeatsx_official_global_panel_horizon_calibrated_v1,2026-04-27T23:00:00,raw_reference,5,392.16058926119854
nbeatsx_official_global_panel_horizon_calibrated_v1,2026-04-27T23:00:00,strict_reference,5,243.70004347511136
nbeatsx_official_global_panel_horizon_calibrated_v1,2026-04-27T23:00:00,schedule_value_learner_v2_reference,5,115.33031114536439
nbeatsx_official_global_panel_horizon_calibrated_v1,2026-04-27T23:00:00,schedule_value_learner_v2_plus,5,115.32417906295373
nbeatsx_official_global_panel_horizon_calibrated_v1,2026-04-28T23:00:00,raw_reference,5,170.7831021070179
nbeatsx_official_global_panel_horizon_calibrated_v1,2026-04-28T23:00:00,strict_reference,5,0.12330229274771227
nbeatsx_official_global_panel_horizon_calibrated_v1,2026-04-28T23:00:00,schedule_value_learner_v2_reference,5,5.291434675096116
nbeatsx_official_global_panel_horizon_calibrated_v1,2026-04-28T23:00:00,schedule_value_learner_v2_plus,5,5.291434675096116
nbeatsx_official_global_panel_horizon_calibrated_v1,2026-04-29T23:00:00,raw_reference,5,4140.772737089727
nbeatsx_official_global_panel_horizon_calibrated_v1,2026-04-29T23:00:00,strict_reference,5,570.0183218913066
nbeatsx_official_global_panel_horizon_calibrated_v1,2026-04-29T23:00:00,schedule_value_learner_v2_reference,5,570.0183218913066
nbeatsx_official_global_panel_horizon_calibrated_v1,2026-04-29T23:00:00,schedule_value_learner_v2_plus,5,570.0183218913066
nbeatsx_official_global_panel_v1,2026-04-12T23:00:00,raw_reference,5,581.0942036924582
nbeatsx_official_global_panel_v1,2026-04-12T23:00:00,strict_reference,5,148.38283425116202
nbeatsx_official_global_panel_v1,2026-04-12T23:00:00,schedule_value_learner_v2_reference,5,22.076223764070527
nbeatsx_official_global_panel_v1,2026-04-12T23:00:00,schedule_value_learner_v2_plus,5,22.076223764070527
nbeatsx_official_global_panel_v1,2026-04-13T23:00:00,raw_reference,5,279.7508101723694
nbeatsx_official_global_panel_v1,2026-04-13T23:00:00,strict_reference,5,382.86178823537534
nbeatsx_official_global_panel_v1,2026-04-13T23:00:00,schedule_value_learner_v2_reference,5,119.16835044378213
nbeatsx_official_global_panel_v1,2026-04-13T23:00:00,schedule_value_learner_v2_plus,5,94.42770534072497
nbeatsx_official_global_panel_v1,2026-04-14T23:00:00,raw_reference,5,496.4302341814999
nbeatsx_official_global_panel_v1,2026-04-14T23:00:00,strict_reference,5,640.4602680944347
nbeatsx_official_global_panel_v1,2026-04-14T23:00:00,schedule_value_learner_v2_reference,5,179.46264647056745
nbeatsx_official_global_panel_v1,2026-04-14T23:00:00,schedule_value_learner_v2_plus,5,126.6134481364359
nbeatsx_official_global_panel_v1,2026-04-15T23:00:00,raw_reference,5,761.6434312570227
nbeatsx_official_global_panel_v1,2026-04-15T23:00:00,strict_reference,5,72.058072327948
nbeatsx_official_global_panel_v1,2026-04-15T23:00:00,schedule_value_learner_v2_reference,5,291.4018714650707
nbeatsx_official_global_panel_v1,2026-04-15T23:00:00,schedule_value_learner_v2_plus,5,289.1283823014584
nbeatsx_official_global_panel_v1,2026-04-16T23:00:00,raw_reference,5,175.29965972043132
nbeatsx_official_global_panel_v1,2026-04-16T23:00:00,strict_reference,5,184.96478180511843
nbeatsx_official_global_panel_v1,2026-04-16T23:00:00,schedule_value_learner_v2_reference,5,109.31968176710438
nbeatsx_official_global_panel_v1,2026-04-16T23:00:00,schedule_value_learner_v2_plus,5,109.31968076804192
nbeatsx_official_global_panel_v1,2026-04-17T23:00:00,raw_reference,5,127.32092954034707
nbeatsx_official_global_panel_v1,2026-04-17T23:00:00,strict_reference,5,308.3385910012233
nbeatsx_official_global_panel_v1,2026-04-17T23:00:00,schedule_value_learner_v2_reference,5,127.87109053658946
nbeatsx_official_global_panel_v1,2026-04-17T23:00:00,schedule_value_learner_v2_plus,5,126.92819390920495
nbeatsx_official_global_panel_v1,2026-04-18T23:00:00,raw_reference,5,392.2143062361078
nbeatsx_official_global_panel_v1,2026-04-18T23:00:00,strict_reference,5,488.1448729896007
nbeatsx_official_global_panel_v1,2026-04-18T23:00:00,schedule_value_learner_v2_reference,5,150.84439861084576
nbeatsx_official_global_panel_v1,2026-04-18T23:00:00,schedule_value_learner_v2_plus,5,94.98807337049274
nbeatsx_official_global_panel_v1,2026-04-19T23:00:00,raw_reference,5,766.1142940003643
nbeatsx_official_global_panel_v1,2026-04-19T23:00:00,strict_reference,5,655.932965559841
nbeatsx_official_global_panel_v1,2026-04-19T23:00:00,schedule_value_learner_v2_reference,5,655.932965559841
nbeatsx_official_global_panel_v1,2026-04-19T23:00:00,schedule_value_learner_v2_plus,5,548.565091655196
nbeatsx_official_global_panel_v1,2026-04-20T23:00:00,raw_reference,5,330.1538783049153
nbeatsx_official_global_panel_v1,2026-04-20T23:00:00,strict_reference,5,108.15659040007085
nbeatsx_official_global_panel_v1,2026-04-20T23:00:00,schedule_value_learner_v2_reference,5,61.06190745566482
nbeatsx_official_global_panel_v1,2026-04-20T23:00:00,schedule_value_learner_v2_plus,5,25.05902235211797
nbeatsx_official_global_panel_v1,2026-04-21T23:00:00,raw_reference,5,489.92473989554026
nbeatsx_official_global_panel_v1,2026-04-21T23:00:00,strict_reference,5,128.24867254881156
nbeatsx_official_global_panel_v1,2026-04-21T23:00:00,schedule_value_learner_v2_reference,5,126.53751808012794
nbeatsx_official_global_panel_v1,2026-04-21T23:00:00,schedule_value_learner_v2_plus,5,37.21253577961911
nbeatsx_official_global_panel_v1,2026-04-22T23:00:00,raw_reference,5,183.56884014433723
nbeatsx_official_global_panel_v1,2026-04-22T23:00:00,strict_reference,5,352.409928873023
nbeatsx_official_global_panel_v1,2026-04-22T23:00:00,schedule_value_learner_v2_reference,5,188.90663525246092
nbeatsx_official_global_panel_v1,2026-04-22T23:00:00,schedule_value_learner_v2_plus,5,175.64365903416328
nbeatsx_official_global_panel_v1,2026-04-23T23:00:00,raw_reference,5,434.09078979176974
nbeatsx_official_global_panel_v1,2026-04-23T23:00:00,strict_reference,5,128.1175814848475
nbeatsx_official_global_panel_v1,2026-04-23T23:00:00,schedule_value_learner_v2_reference,5,181.49284431138238
nbeatsx_official_global_panel_v1,2026-04-23T23:00:00,schedule_value_learner_v2_plus,5,44.33492563737364
nbeatsx_official_global_panel_v1,2026-04-24T23:00:00,raw_reference,5,383.57200538146645
nbeatsx_official_global_panel_v1,2026-04-24T23:00:00,strict_reference,5,14.93794044125816
nbeatsx_official_global_panel_v1,2026-04-24T23:00:00,schedule_value_learner_v2_reference,5,6.542967009645599
nbeatsx_official_global_panel_v1,2026-04-24T23:00:00,schedule_value_learner_v2_plus,5,2.771900475966595
nbeatsx_official_global_panel_v1,2026-04-25T23:00:00,raw_reference,5,1582.974523011146
nbeatsx_official_global_panel_v1,2026-04-25T23:00:00,strict_reference,5,1132.6840559538937
nbeatsx_official_global_panel_v1,2026-04-25T23:00:00,schedule_value_learner_v2_reference,5,1132.6840559538937
nbeatsx_official_global_panel_v1,2026-04-25T23:00:00,schedule_value_learner_v2_plus,5,1132.6840559538937
nbeatsx_official_global_panel_v1,2026-04-26T23:00:00,raw_reference,5,431.4231126744815
nbeatsx_official_global_panel_v1,2026-04-26T23:00:00,strict_reference,5,30.94993490025836
nbeatsx_official_global_panel_v1,2026-04-26T23:00:00,schedule_value_learner_v2_reference,5,80.11674910609455
nbeatsx_official_global_panel_v1,2026-04-26T23:00:00,schedule_value_learner_v2_plus,5,28.141655852959957
nbeatsx_official_global_panel_v1,2026-04-27T23:00:00,raw_reference,5,656.7892061558935
nbeatsx_official_global_panel_v1,2026-04-27T23:00:00,strict_reference,5,243.70004347511136
nbeatsx_official_global_panel_v1,2026-04-27T23:00:00,schedule_value_learner_v2_reference,5,40.734896111734955
nbeatsx_official_global_panel_v1,2026-04-27T23:00:00,schedule_value_learner_v2_plus,5,40.734896111734955
nbeatsx_official_global_panel_v1,2026-04-28T23:00:00,raw_reference,5,394.81508414683583
nbeatsx_official_global_panel_v1,2026-04-28T23:00:00,strict_reference,5,0.12330229274771227
nbeatsx_official_global_panel_v1,2026-04-28T23:00:00,schedule_value_learner_v2_reference,5,13.685232231225381
nbeatsx_official_global_panel_v1,2026-04-28T23:00:00,schedule_value_learner_v2_plus,5,11.814920673160032
nbeatsx_official_global_panel_v1,2026-04-29T23:00:00,raw_reference,5,5415.417588871607
nbeatsx_official_global_panel_v1,2026-04-29T23:00:00,strict_reference,5,570.0183218913066
nbeatsx_official_global_panel_v1,2026-04-29T23:00:00,schedule_value_learner_v2_reference,5,570.0183218913066
nbeatsx_official_global_panel_v1,2026-04-29T23:00:00,schedule_value_learner_v2_plus,5,570.0183218913066
