"source","kind","visible_text","target","status_code","method","final_url","content_type","title","verdict","notes","bibliography_entry"
"1","url","https://energy.ec.europa.eu/topics/markets-and-consumers/electricity-market-design_en","https://energy.ec.europa.eu/topics/markets-and-consumers/electricity-market-design_en","200","HEAD","https://energy.ec.europa.eu/topics/markets-and-consumers/electricity-market-design_en","text/html; charset=UTF-8","","ok","","European Commission. Electricity market design. https://energy.ec.europa.eu/topics/markets-and-consumers/electricity-market-design_en"
"2","url","https://energy.ec.europa.eu/news/eu-electricity-trading-day-ahead-markets-becomes-more-dynamic-2025-10-01_en","https://energy.ec.europa.eu/news/eu-electricity-trading-day-ahead-markets-becomes-more-dynamic-2025-10-01_en","200","HEAD","https://energy.ec.europa.eu/news/eu-electricity-trading-day-ahead-markets-becomes-more-dynamic-2025-10-01_en","text/html; charset=UTF-8","","ok","","European Commission. EU electricity trading in the day-ahead markets becomes more dynamic. https://energy.ec.europa.eu/news/eu-electricity-trading-day-ahead-markets-becomes-more-dynamic-2025-10-01_en"
"3","url","https://www.nerc.gov.ua/acts/pro-hranychni-tsiny-na-rynku-na-dobu-napered-vnutrishnodobovomu-rynku-ta-balansuiuchomu-rynku","https://www.nerc.gov.ua/acts/pro-hranychni-tsiny-na-rynku-na-dobu-napered-vnutrishnodobovomu-rynku-ta-balansuiuchomu-rynku","200","HEAD","https://www.nerc.gov.ua/acts/pro-hranychni-tsiny-na-rynku-na-dobu-napered-vnutrishnodobovomu-rynku-ta-balansuiuchomu-rynku","text/html; charset=UTF-8","","ok","","NEURC. Resolution No. 621 of 23 April 2026 on price caps for the day-ahead, intraday, and balancing markets. https://www.nerc.gov.ua/acts/pro-hranychni-tsiny-na-rynku-na-dobu-napered-vnutrishnodobovomu-rynku-ta-balansuiuchomu-rynku"
"4","url","https://www.oree.com.ua/index.php/newsctr/n/30795?lang=english","https://www.oree.com.ua/index.php/newsctr/n/30795?lang=english","200","HEAD","https://www.oree.com.ua/index.php/newsctr/n/30795?lang=english","text/html; charset=windows-1251","","ok","","JSC Market Operator. The Market Operator tariff for 2026 amounts to UAH 6.88 per MWh. https://www.oree.com.ua/index.php/newsctr/n/30795?lang=english"
"5","url","https://me.gov.ua/News/Detail?id=2642aff1-2328-4bad-b03f-6f0f7dc292c8&lang=uk-UA","https://me.gov.ua/News/Detail?id=2642aff1-2328-4bad-b03f-6f0f7dc292c8&lang=uk-UA","200","HEAD","https://me.gov.ua/News/Detail?id=2642aff1-2328-4bad-b03f-6f0f7dc292c8&lang=uk-UA","text/html; charset=utf-8","","ok","","Ministry of Economy of Ukraine. The Government approved the National Energy and Climate Plan until 2030. https://me.gov.ua/News/Detail?id=2642aff1-2328-4bad-b03f-6f0f7dc292c8&lang=uk-UA"
"6","url","https://me.gov.ua/download/2cad4803-661e-4ae9-9748-3006d6eb3e1c/file.pdf","https://me.gov.ua/download/2cad4803-661e-4ae9-9748-3006d6eb3e1c/file.pdf","200","HEAD","https://me.gov.ua/download/2cad4803-661e-4ae9-9748-3006d6eb3e1c/file.pdf","application/pdf","","ok","","Ukraine National Energy and Climate Plan to 2030. https://me.gov.ua/download/2cad4803-661e-4ae9-9748-3006d6eb3e1c/file.pdf"
"7","url","https://www.entsoe.eu/news/2022/03/16/continental-europe-successful-synchronisation-with-ukraine-and-moldova-power-systems/","https://www.entsoe.eu/news/2022/03/16/continental-europe-successful-synchronisation-with-ukraine-and-moldova-power-systems/","200","HEAD","https://www.entsoe.eu/news/2022/03/16/continental-europe-successful-synchronisation-with-ukraine-and-moldova-power-systems/","text/html; charset=UTF-8","","ok","","ENTSO-E. Continental Europe successful synchronization with Ukraine and Moldova power systems. https://www.entsoe.eu/news/2022/03/16/continental-europe-successful-synchronisation-with-ukraine-and-moldova-power-systems/"
"8","url","https://www.acer.europa.eu/news/acer-will-decide-electricity-market-coupling-integration-plan-energy-community","https://www.acer.europa.eu/news/acer-will-decide-electricity-market-coupling-integration-plan-energy-community","200","HEAD","https://www.acer.europa.eu/news/acer-will-decide-electricity-market-coupling-integration-plan-energy-community","text/html; charset=UTF-8","","ok","","ACER. ACER will decide on the electricity market coupling integration plan for the Energy Community. https://www.acer.europa.eu/news/acer-will-decide-electricity-market-coupling-integration-plan-energy-community"
"9","doi_label","DOI: 10.1016/j.apenergy.2022.119512","https://doi.org/10.1016/j.apenergy.2022.119512","200","HEAD","https://linkinghub.elsevier.com/retrieve/pii/S0306261922008340","text/html; charset=UTF-8","","ok","","Hu et al. Potential utilization of battery energy storage systems (BESS) in the major European electricity markets. DOI: 10.1016/j.apenergy.2022.119512. https://doi.org/10.1016/j.apenergy.2022.119512"
"9","url","https://doi.org/10.1016/j.apenergy.2022.119512","https://doi.org/10.1016/j.apenergy.2022.119512","200","HEAD","https://linkinghub.elsevier.com/retrieve/pii/S0306261922008340","text/html; charset=UTF-8","","ok","","Hu et al. Potential utilization of battery energy storage systems (BESS) in the major European electricity markets. DOI: 10.1016/j.apenergy.2022.119512. https://doi.org/10.1016/j.apenergy.2022.119512"
"10","doi_label","DOI: 10.1109/TEMPR.2024.3372656","https://doi.org/10.1109/TEMPR.2024.3372656","200","HEAD","https://ieeexplore.ieee.org/document/10458427/","text/html; charset=UTF-8","","ok","","Li et al. Temporal-Aware Deep Reinforcement Learning for Energy Storage Bidding in Energy and Contingency Reserve Markets. DOI: 10.1109/TEMPR.2024.3372656. https://doi.org/10.1109/TEMPR.2024.3372656"
"10","url","https://doi.org/10.1109/TEMPR.2024.3372656","https://doi.org/10.1109/TEMPR.2024.3372656","200","HEAD","https://ieeexplore.ieee.org/document/10458427/","text/html; charset=UTF-8","","ok","","Li et al. Temporal-Aware Deep Reinforcement Learning for Energy Storage Bidding in Energy and Contingency Reserve Markets. DOI: 10.1109/TEMPR.2024.3372656. https://doi.org/10.1109/TEMPR.2024.3372656"
"11","doi_label","DOI: 10.1016/j.apenergy.2021.116983","https://doi.org/10.1016/j.apenergy.2021.116983","200","HEAD","https://linkinghub.elsevier.com/retrieve/pii/S0306261921004529","text/html; charset=UTF-8","","ok","","Lago et al. Forecasting day-ahead electricity prices: A review of state-of-the-art algorithms, best practices and an open-access benchmark. DOI: 10.1016/j.apenergy.2021.116983. https://doi.org/10.1016/j.apenergy.2021.116983"
"11","url","https://doi.org/10.1016/j.apenergy.2021.116983","https://doi.org/10.1016/j.apenergy.2021.116983","200","HEAD","https://linkinghub.elsevier.com/retrieve/pii/S0306261921004529","text/html; charset=UTF-8","","ok","","Lago et al. Forecasting day-ahead electricity prices: A review of state-of-the-art algorithms, best practices and an open-access benchmark. DOI: 10.1016/j.apenergy.2021.116983. https://doi.org/10.1016/j.apenergy.2021.116983"
"12","doi_label","DOI: 10.1287/mnsc.2020.3922","https://doi.org/10.1287/mnsc.2020.3922","403","GET","https://pubsonline.informs.org/doi/10.1287/mnsc.2020.3922","text/html; charset=UTF-8","Just a moment...","needs-human","HEAD returned 403; tried GET fallback","Elmachtoub and Grigas. Smart ""Predict, then Optimize"". DOI: 10.1287/mnsc.2020.3922. https://doi.org/10.1287/mnsc.2020.3922"
"12","url","https://doi.org/10.1287/mnsc.2020.3922","https://doi.org/10.1287/mnsc.2020.3922","403","GET","https://pubsonline.informs.org/doi/10.1287/mnsc.2020.3922","text/html; charset=UTF-8","Just a moment...","needs-human","HEAD returned 403; tried GET fallback","Elmachtoub and Grigas. Smart ""Predict, then Optimize"". DOI: 10.1287/mnsc.2020.3922. https://doi.org/10.1287/mnsc.2020.3922"
"13","doi_label","DOI: 10.1109/TSG.2022.3166791","https://doi.org/10.1109/TSG.2022.3166791","200","HEAD","https://ieeexplore.ieee.org/document/9755891/","text/html; charset=UTF-8","","ok","","Sang et al. Electricity Price Prediction for Energy Storage System Arbitrage: A Decision-Focused Approach. DOI: 10.1109/TSG.2022.3166791 / arXiv:2305.00362. https://doi.org/10.1109/TSG.2022.3166791"
"13","url","https://doi.org/10.1109/TSG.2022.3166791","https://doi.org/10.1109/TSG.2022.3166791","200","HEAD","https://ieeexplore.ieee.org/document/9755891/","text/html; charset=UTF-8","","ok","","Sang et al. Electricity Price Prediction for Energy Storage System Arbitrage: A Decision-Focused Approach. DOI: 10.1109/TSG.2022.3166791 / arXiv:2305.00362. https://doi.org/10.1109/TSG.2022.3166791"
"14","doi_label","DOI: 10.1613/jair.1.15320","https://doi.org/10.1613/jair.1.15320","200","HEAD","https://www.jair.org/index.php/jair/article/view/15320","text/html; charset=utf-8","","ok","","Mandi et al. Decision-Focused Learning: Foundations, State of the Art, Benchmark and Future Opportunities. DOI: 10.1613/jair.1.15320 / arXiv:2307.13565. https://arxiv.org/abs/2307.13565"
"14","url","https://arxiv.org/abs/2307.13565","https://arxiv.org/abs/2307.13565","200","HEAD","https://arxiv.org/abs/2307.13565","text/html; charset=utf-8","","ok","","Mandi et al. Decision-Focused Learning: Foundations, State of the Art, Benchmark and Future Opportunities. DOI: 10.1613/jair.1.15320 / arXiv:2307.13565. https://arxiv.org/abs/2307.13565"
"15","doi_label","DOI: 10.1016/j.ijforecast.2022.03.001","https://doi.org/10.1016/j.ijforecast.2022.03.001","200","HEAD","https://linkinghub.elsevier.com/retrieve/pii/S0169207022000413","text/html; charset=UTF-8","","ok","","Olivares et al. Neural basis expansion analysis with exogenous variables: Forecasting electricity prices with NBEATSx. DOI: 10.1016/j.ijforecast.2022.03.001. https://arxiv.org/abs/2104.05522"
"15","url","https://arxiv.org/abs/2104.05522","https://arxiv.org/abs/2104.05522","200","HEAD","https://arxiv.org/abs/2104.05522","text/html; charset=utf-8","","ok","","Olivares et al. Neural basis expansion analysis with exogenous variables: Forecasting electricity prices with NBEATSx. DOI: 10.1016/j.ijforecast.2022.03.001. https://arxiv.org/abs/2104.05522"
"16","doi_label","DOI: 10.48550/arXiv.1912.09363","https://doi.org/10.48550/arXiv.1912.09363","200","HEAD","https://arxiv.org/abs/1912.09363","text/html; charset=utf-8","","ok","","Lim et al. Temporal Fusion Transformers for Interpretable Multi-horizon Time Series Forecasting. DOI: 10.48550/arXiv.1912.09363. https://arxiv.org/abs/1912.09363"
"16","url","https://arxiv.org/abs/1912.09363","https://arxiv.org/abs/1912.09363","200","HEAD","https://arxiv.org/abs/1912.09363","text/html; charset=utf-8","","ok","","Lim et al. Temporal Fusion Transformers for Interpretable Multi-horizon Time Series Forecasting. DOI: 10.48550/arXiv.1912.09363. https://arxiv.org/abs/1912.09363"
"17","doi_label","DOI: 10.3390/en10020207","https://doi.org/10.3390/en10020207","403","GET","https://www.mdpi.com/1996-1073/10/2/207","text/html","Access Denied","needs-human","HEAD returned 403; tried GET fallback","Park et al. Linear Formulation for Short-Term Operational Scheduling of Energy Storage Systems in Power Grids. DOI: 10.3390/en10020207. https://doi.org/10.3390/en10020207"
"17","url","https://doi.org/10.3390/en10020207","https://doi.org/10.3390/en10020207","403","GET","https://www.mdpi.com/1996-1073/10/2/207","text/html","Access Denied","needs-human","HEAD returned 403; tried GET fallback","Park et al. Linear Formulation for Short-Term Operational Scheduling of Energy Storage Systems in Power Grids. DOI: 10.3390/en10020207. https://doi.org/10.3390/en10020207"
"18","doi_label","DOI: 10.3390/en12060999","https://doi.org/10.3390/en12060999","403","GET","https://www.mdpi.com/1996-1073/12/6/999","text/html","Access Denied","needs-human","HEAD returned 403; tried GET fallback","Hesse et al. Ageing and efficiency aware battery dispatch for arbitrage markets using mixed integer linear programming. DOI: 10.3390/en12060999. https://doi.org/10.3390/en12060999"
"18","url","https://doi.org/10.3390/en12060999","https://doi.org/10.3390/en12060999","403","GET","https://www.mdpi.com/1996-1073/12/6/999","text/html","Access Denied","needs-human","HEAD returned 403; tried GET fallback","Hesse et al. Ageing and efficiency aware battery dispatch for arbitrage markets using mixed integer linear programming. DOI: 10.3390/en12060999. https://doi.org/10.3390/en12060999"
"19","doi_label","DOI: 10.1016/j.est.2024.112380","https://doi.org/10.1016/j.est.2024.112380","200","HEAD","https://linkinghub.elsevier.com/retrieve/pii/S2352152X24019662","text/html; charset=UTF-8","","ok","","Grimaldi et al. Profitability of energy arbitrage net profit for grid-scale battery energy storage considering dynamic efficiency and degradation using a linear, mixed-integer linear, and mixed-integer non-linear optimization approach. DOI: 10.1016/j.est.2024.112380. https://doi.org/10.1016/j.est.2024.112380"
"19","url","https://doi.org/10.1016/j.est.2024.112380","https://doi.org/10.1016/j.est.2024.112380","200","HEAD","https://linkinghub.elsevier.com/retrieve/pii/S2352152X24019662","text/html; charset=UTF-8","","ok","","Grimaldi et al. Profitability of energy arbitrage net profit for grid-scale battery energy storage considering dynamic efficiency and degradation using a linear, mixed-integer linear, and mixed-integer non-linear optimization approach. DOI: 10.1016/j.est.2024.112380. https://doi.org/10.1016/j.est.2024.112380"
"20","doi_label","DOI: 10.48550/arXiv.2106.01345","https://doi.org/10.48550/arXiv.2106.01345","200","HEAD","https://arxiv.org/abs/2106.01345","text/html; charset=utf-8","","ok","","Chen et al. Decision Transformer: Reinforcement Learning via Sequence Modeling. DOI: 10.48550/arXiv.2106.01345. https://arxiv.org/abs/2106.01345"
"20","url","https://arxiv.org/abs/2106.01345","https://arxiv.org/abs/2106.01345","200","HEAD","https://arxiv.org/abs/2106.01345","text/html; charset=utf-8","","ok","","Chen et al. Decision Transformer: Reinforcement Learning via Sequence Modeling. DOI: 10.48550/arXiv.2106.01345. https://arxiv.org/abs/2106.01345"
"21","url","https://arxiv.org/abs/2305.14550","https://arxiv.org/abs/2305.14550","200","HEAD","https://arxiv.org/abs/2305.14550","text/html; charset=utf-8","","ok","","Bhargava et al. When should we prefer Decision Transformers for Offline Reinforcement Learning? arXiv:2305.14550. https://arxiv.org/abs/2305.14550"
"22","doi_label","DOI: 10.1016/j.apenergy.2019.114360","https://doi.org/10.1016/j.apenergy.2019.114360","200","HEAD","https://linkinghub.elsevier.com/retrieve/pii/S0306261919320471","text/html; charset=UTF-8","","ok","","Maheshwari et al. Optimizing the operation of energy storage using a non-linear lithium-ion battery degradation model. DOI: 10.1016/j.apenergy.2019.114360. https://doi.org/10.1016/j.apenergy.2019.114360"
"22","url","https://doi.org/10.1016/j.apenergy.2019.114360","https://doi.org/10.1016/j.apenergy.2019.114360","200","HEAD","https://linkinghub.elsevier.com/retrieve/pii/S0306261919320471","text/html; charset=UTF-8","","ok","","Maheshwari et al. Optimizing the operation of energy storage using a non-linear lithium-ion battery degradation model. DOI: 10.1016/j.apenergy.2019.114360. https://doi.org/10.1016/j.apenergy.2019.114360"
"23","doi_label","DOI: 10.1109/ACCESS.2020.3035504","https://doi.org/10.1109/ACCESS.2020.3035504","200","HEAD","https://ieeexplore.ieee.org/document/9250459/","text/html; charset=UTF-8","","ok","","Kumtepeli et al. Energy Arbitrage Optimization With Battery Storage: 3D-MILP for Electro-Thermal Performance and Semi-Empirical Aging Models. DOI: 10.1109/ACCESS.2020.3035504. https://doi.org/10.1109/ACCESS.2020.3035504"
"23","url","https://doi.org/10.1109/ACCESS.2020.3035504","https://doi.org/10.1109/ACCESS.2020.3035504","200","HEAD","https://ieeexplore.ieee.org/document/9250459/","text/html; charset=UTF-8","","ok","","Kumtepeli et al. Energy Arbitrage Optimization With Battery Storage: 3D-MILP for Electro-Thermal Performance and Semi-Empirical Aging Models. DOI: 10.1109/ACCESS.2020.3035504. https://doi.org/10.1109/ACCESS.2020.3035504"
"24","doi_label","DOI: 10.1109/TSG.2020.2986333","https://doi.org/10.1109/TSG.2020.2986333","200","HEAD","https://ieeexplore.ieee.org/document/9061038/","text/html; charset=UTF-8","","ok","","Cao et al. Deep Reinforcement Learning-Based Energy Storage Arbitrage With Accurate Lithium-Ion Battery Degradation Model. DOI: 10.1109/TSG.2020.2986333. https://doi.org/10.1109/TSG.2020.2986333"
"24","url","https://doi.org/10.1109/TSG.2020.2986333","https://doi.org/10.1109/TSG.2020.2986333","200","HEAD","https://ieeexplore.ieee.org/document/9061038/","text/html; charset=UTF-8","","ok","","Cao et al. Deep Reinforcement Learning-Based Energy Storage Arbitrage With Accurate Lithium-Ion Battery Degradation Model. DOI: 10.1109/TSG.2020.2986333. https://doi.org/10.1109/TSG.2020.2986333"
"25","doi_label","DOI: 10.1016/j.rser.2022.112584","https://doi.org/10.1016/j.rser.2022.112584","200","HEAD","https://linkinghub.elsevier.com/retrieve/pii/S1364032122004804","text/html; charset=UTF-8","","ok","","Vykhodtsev et al. A review of modelling approaches to characterize lithium-ion battery energy storage systems in techno-economic analyses of power systems. DOI: 10.1016/j.rser.2022.112584. https://doi.org/10.1016/j.rser.2022.112584"
"25","url","https://doi.org/10.1016/j.rser.2022.112584","https://doi.org/10.1016/j.rser.2022.112584","200","HEAD","https://linkinghub.elsevier.com/retrieve/pii/S1364032122004804","text/html; charset=UTF-8","","ok","","Vykhodtsev et al. A review of modelling approaches to characterize lithium-ion battery energy storage systems in techno-economic analyses of power systems. DOI: 10.1016/j.rser.2022.112584. https://doi.org/10.1016/j.rser.2022.112584"
"26","url","https://www.nrel.gov/docs/fy21osti/78694.pdf","https://www.nrel.gov/docs/fy21osti/78694.pdf",,"GET","","","","needs-human","Exception calling ""GetResult"" with ""0"" argument(s): ""The requested name is valid, but no data of the requested type was found. (www.nrel.gov:443)""","Augustine and Blair. Storage Futures Study: Storage Technology Modeling Input Data Report. NREL/TP-5700-78694. https://www.nrel.gov/docs/fy21osti/78694.pdf"
"27","url","https://atb.nrel.gov/electricity/2023/residential_battery_storage/utility-scale_pv-plus-battery","https://atb.nrel.gov/electricity/2023/residential_battery_storage/utility-scale_pv-plus-battery",,"GET","","","","needs-human","Exception calling ""GetResult"" with ""0"" argument(s): ""The requested name is valid, but no data of the requested type was found. (atb.nrel.gov:443)""","NREL. 2023 Annual Technology Baseline: Utility-Scale PV-Plus-Battery. https://atb.nrel.gov/electricity/2023/residential_battery_storage/utility-scale_pv-plus-battery"
"28","doi_label","DOI: 10.1002/for.3084","https://doi.org/10.1002/for.3084","403","GET","https://onlinelibrary.wiley.com/doi/10.1002/for.3084","text/html; charset=UTF-8","Just a moment...","needs-human","HEAD returned 403; tried GET fallback","Jiang et al. Probabilistic electricity price forecasting based on penalized temporal fusion transformer. DOI: 10.1002/for.3084. https://doi.org/10.1002/for.3084"
"28","url","https://doi.org/10.1002/for.3084","https://doi.org/10.1002/for.3084","403","GET","https://onlinelibrary.wiley.com/doi/10.1002/for.3084","text/html; charset=UTF-8","Just a moment...","needs-human","HEAD returned 403; tried GET fallback","Jiang et al. Probabilistic electricity price forecasting based on penalized temporal fusion transformer. DOI: 10.1002/for.3084. https://doi.org/10.1002/for.3084"
"29","doi_label","DOI: 10.48550/arXiv.2402.19072","https://doi.org/10.48550/arXiv.2402.19072","200","HEAD","https://arxiv.org/abs/2402.19072","text/html; charset=utf-8","","ok","","Wang et al. TimeXer: Empowering Transformers for Time Series Forecasting with Exogenous Variables. DOI: 10.48550/arXiv.2402.19072. https://arxiv.org/abs/2402.19072"
"29","url","https://arxiv.org/abs/2402.19072","https://arxiv.org/abs/2402.19072","200","HEAD","https://arxiv.org/abs/2402.19072","text/html; charset=utf-8","","ok","","Wang et al. TimeXer: Empowering Transformers for Time Series Forecasting with Exogenous Variables. DOI: 10.48550/arXiv.2402.19072. https://arxiv.org/abs/2402.19072"
"30","doi_label","DOI: 10.48550/arXiv.2602.10071","https://doi.org/10.48550/arXiv.2602.10071","200","HEAD","https://arxiv.org/abs/2602.10071","text/html; charset=utf-8","","ok","","Yu et al. Deep Learning for Electricity Price Forecasting: A Review of Day-Ahead, Intraday, and Balancing Electricity Markets. DOI: 10.48550/arXiv.2602.10071. https://arxiv.org/abs/2602.10071"
"30","url","https://arxiv.org/abs/2602.10071","https://arxiv.org/abs/2602.10071","200","HEAD","https://arxiv.org/abs/2602.10071","text/html; charset=utf-8","","ok","","Yu et al. Deep Learning for Electricity Price Forecasting: A Review of Day-Ahead, Intraday, and Balancing Electricity Markets. DOI: 10.48550/arXiv.2602.10071. https://arxiv.org/abs/2602.10071"
"31","doi_label","DOI: 10.1002/for.70065","https://doi.org/10.1002/for.70065","403","GET","https://onlinelibrary.wiley.com/doi/10.1002/for.70065","text/html; charset=UTF-8","Just a moment...","needs-human","HEAD returned 403; tried GET fallback","Jin and Blanco-Encomienda. Seasonal Decomposition-Enhanced Deep Learning Architecture for Probabilistic Forecasting. DOI: 10.1002/for.70065. https://doi.org/10.1002/for.70065"
"31","url","https://doi.org/10.1002/for.70065","https://doi.org/10.1002/for.70065","403","GET","https://onlinelibrary.wiley.com/doi/10.1002/for.70065","text/html; charset=UTF-8","Just a moment...","needs-human","HEAD returned 403; tried GET fallback","Jin and Blanco-Encomienda. Seasonal Decomposition-Enhanced Deep Learning Architecture for Probabilistic Forecasting. DOI: 10.1002/for.70065. https://doi.org/10.1002/for.70065"
"32","url","https://arxiv.org/abs/2508.04875","https://arxiv.org/abs/2508.04875","200","HEAD","https://arxiv.org/abs/2508.04875","text/html; charset=utf-8","","ok","","Yu et al. PriceFM: Foundation Model for Probabilistic Electricity Price Forecasting. arXiv:2508.04875. https://arxiv.org/abs/2508.04875"
"33","url","https://arxiv.org/abs/2508.11372","https://arxiv.org/abs/2508.11372","200","HEAD","https://arxiv.org/abs/2508.11372","text/html; charset=utf-8","","ok","","Lipiecki et al. Stealing Accuracy: Predicting Day-ahead Electricity Prices with Temporal Hierarchy Forecasting (THieF). arXiv:2508.11372. https://arxiv.org/abs/2508.11372"
"34","url","https://arxiv.org/abs/2510.13654","https://arxiv.org/abs/2510.13654","200","HEAD","https://arxiv.org/abs/2510.13654","text/html; charset=utf-8","","ok","","Meyer et al. Rethinking Evaluation in the Era of Time Series Foundation Models: (Un)known Information Leakage Challenges. arXiv:2510.13654. https://arxiv.org/abs/2510.13654"
"35","url","https://arxiv.org/abs/2509.13906","https://arxiv.org/abs/2509.13906","200","HEAD","https://arxiv.org/abs/2509.13906","text/html; charset=utf-8","","ok","","Dange and Sarawagi. TFMAdapter: Lightweight Instance-Level Adaptation of Foundation Models for Forecasting with Covariates. arXiv:2509.13906. https://arxiv.org/abs/2509.13906"
"36","url","https://arxiv.org/abs/2602.17634","https://arxiv.org/abs/2602.17634","200","HEAD","https://arxiv.org/abs/2602.17634","text/html; charset=utf-8","","ok","","Fu et al. Reverso: Efficient Time Series Foundation Models for Zero-shot Forecasting. arXiv:2602.17634. https://arxiv.org/abs/2602.17634"
"37","url","https://arxiv.org/abs/2405.14719","https://arxiv.org/abs/2405.14719","200","HEAD","https://arxiv.org/abs/2405.14719","text/html; charset=utf-8","","ok","","Persak and Anjos. Decision-Focused Forecasting: A Differentiable Multistage Optimisation Architecture. arXiv:2405.14719. https://arxiv.org/abs/2405.14719"
"38","url","https://arxiv.org/abs/2406.17085","https://arxiv.org/abs/2406.17085","200","HEAD","https://arxiv.org/abs/2406.17085","text/html; charset=utf-8","","ok","","Yi, Alghumayjan, and Xu. Perturbed Decision-Focused Learning for Modeling Strategic Energy Storage. arXiv:2406.17085. https://arxiv.org/abs/2406.17085"
"39","url","https://arxiv.org/abs/2401.00015","https://arxiv.org/abs/2401.00015","200","HEAD","https://arxiv.org/abs/2401.00015","text/html; charset=utf-8","","ok","","Madahi et al. Distributional Reinforcement Learning-based Energy Arbitrage Strategies in Imbalance Settlement Mechanism. arXiv:2401.00015. https://arxiv.org/abs/2401.00015"
"40","doi_label","DOI: 10.48550/arXiv.1910.12430","https://doi.org/10.48550/arXiv.1910.12430","200","HEAD","https://arxiv.org/abs/1910.12430","text/html; charset=utf-8","","ok","","Agrawal et al. Differentiable Convex Optimization Layers. DOI: 10.48550/arXiv.1910.12430. https://arxiv.org/abs/1910.12430"
"40","url","https://arxiv.org/abs/1910.12430","https://arxiv.org/abs/1910.12430","200","HEAD","https://arxiv.org/abs/1910.12430","text/html; charset=utf-8","","ok","","Agrawal et al. Differentiable Convex Optimization Layers. DOI: 10.48550/arXiv.1910.12430. https://arxiv.org/abs/1910.12430"
"41","url","https://proceedings.mlr.press/v70/amos17a.html","https://proceedings.mlr.press/v70/amos17a.html","200","HEAD","https://proceedings.mlr.press/v70/amos17a.html","text/html; charset=utf-8","","ok","","Amos and Kolter. OptNet: Differentiable Optimization as a Layer in Neural Networks. Proceedings of Machine Learning Research 70:136-145. https://proceedings.mlr.press/v70/amos17a.html"
"42","doi_label","DOI: 10.48550/arXiv.2505.01551","https://doi.org/10.48550/arXiv.2505.01551","200","HEAD","https://arxiv.org/abs/2505.01551","text/html; charset=utf-8","","ok","","Yi et al. A Decision-Focused Predict-then-Bid Framework for Strategic Energy Storage. DOI: 10.48550/arXiv.2505.01551. https://arxiv.org/abs/2505.01551"
"42","url","https://arxiv.org/abs/2505.01551","https://arxiv.org/abs/2505.01551","200","HEAD","https://arxiv.org/abs/2505.01551","text/html; charset=utf-8","","ok","","Yi et al. A Decision-Focused Predict-then-Bid Framework for Strategic Energy Storage. DOI: 10.48550/arXiv.2505.01551. https://arxiv.org/abs/2505.01551"
"43","url","https://huggingface.co/docs/transformers/model_doc/decision_transformer","https://huggingface.co/docs/transformers/model_doc/decision_transformer","200","HEAD","https://huggingface.co/docs/transformers/model_doc/decision_transformer","text/html; charset=utf-8","","ok","","Hugging Face. Decision Transformer model documentation. https://huggingface.co/docs/transformers/model_doc/decision_transformer"
"44","url","https://www.entsoe.eu/data/transparency-platform/","https://www.entsoe.eu/data/transparency-platform/","200","HEAD","https://www.entsoe.eu/data/transparency-platform/","text/html; charset=UTF-8","","ok","","ENTSO-E Transparency Platform. Electricity Market Transparency. https://www.entsoe.eu/data/transparency-platform/"
"45","url","https://open-power-system-data.org/","https://open-power-system-data.org/","200","HEAD","https://open-power-system-data.org/","text/html; charset=UTF-8","","ok","","Open Power System Data. Open European power-system data platform. https://open-power-system-data.org/"
"46","url","https://data.open-power-system-data.org/time_series/","https://data.open-power-system-data.org/time_series/","200","HEAD","https://data.open-power-system-data.org/time_series/","text/html; charset=utf-8","","ok","","Open Power System Data. Time series data package. https://data.open-power-system-data.org/time_series/"
"47","url","https://www.nordpoolgroup.com/en/services/power-market-data-services/dataportalregistration/","https://www.nordpoolgroup.com/en/services/power-market-data-services/dataportalregistration/","200","HEAD","https://www.nordpoolgroup.com/en/services/power-market-data-services/dataportalregistration/","text/html; charset=utf-8","","ok","","Nord Pool. Data Portal and market-data services. https://www.nordpoolgroup.com/en/services/power-market-data-services/dataportalregistration/"
"48","url","https://ember-energy.org/data/api","https://ember-energy.org/data/api","200","HEAD","https://ember-energy.org/data/api/","text/html; charset=UTF-8","","ok","","Ember. API for open electricity data. https://ember-energy.org/data/api"
"49","url","https://arxiv.org/abs/2101.05249","https://arxiv.org/abs/2101.05249","200","HEAD","https://arxiv.org/abs/2101.05249","text/html; charset=utf-8","","ok","","Li and Becker. Day-ahead electricity price prediction applying hybrid models of LSTM-based deep learning methods and feature selection algorithms under consideration of market coupling. arXiv:2101.05249. https://arxiv.org/abs/2101.05249"
"50","doi_label","DOI: 10.1109/PowerTech55446.2023.10202771","https://doi.org/10.1109/PowerTech55446.2023.10202771","200","HEAD","https://ieeexplore.ieee.org/document/10202771/","text/html; charset=UTF-8","","ok","","Redhu and Bremdal. Day-Ahead Zonal Electricity Price Forecasting using 1D-LSTM with Neighbouring Zones Data. DOI: 10.1109/PowerTech55446.2023.10202771. https://doi.org/10.1109/PowerTech55446.2023.10202771"
"50","url","https://doi.org/10.1109/PowerTech55446.2023.10202771","https://doi.org/10.1109/PowerTech55446.2023.10202771","200","HEAD","https://ieeexplore.ieee.org/document/10202771/","text/html; charset=UTF-8","","ok","","Redhu and Bremdal. Day-Ahead Zonal Electricity Price Forecasting using 1D-LSTM with Neighbouring Zones Data. DOI: 10.1109/PowerTech55446.2023.10202771. https://doi.org/10.1109/PowerTech55446.2023.10202771"
"51","url","https://arxiv.org/abs/2507.13250","https://arxiv.org/abs/2507.13250","200","HEAD","https://arxiv.org/abs/2507.13250","text/html; charset=utf-8","","ok","","Mascarenhas et al. Leveraging Asynchronous Cross-border Market Data for Improved Day-Ahead Electricity Price Forecasting in European Markets. arXiv:2507.13250. https://arxiv.org/abs/2507.13250"
"52","url","https://nixtlaverse.nixtla.io/neuralforecast/docs/capabilities/exogenous_variables.html","https://nixtlaverse.nixtla.io/neuralforecast/docs/capabilities/exogenous_variables.html","200","HEAD","https://nixtlaverse.nixtla.io/neuralforecast/docs/capabilities/exogenous_variables.html","text/html; charset=utf-8","","ok","","Nixtla. NeuralForecast exogenous variables and NBEATSx documentation. https://nixtlaverse.nixtla.io/neuralforecast/docs/capabilities/exogenous_variables.html and https://nixtlaverse.nixtla.io/neuralforecast/models.nbeatsx.html"
"52","url","https://nixtlaverse.nixtla.io/neuralforecast/models.nbeatsx.html","https://nixtlaverse.nixtla.io/neuralforecast/models.nbeatsx.html","200","HEAD","https://nixtlaverse.nixtla.io/neuralforecast/models.nbeatsx.html","text/html; charset=utf-8","","ok","","Nixtla. NeuralForecast exogenous variables and NBEATSx documentation. https://nixtlaverse.nixtla.io/neuralforecast/docs/capabilities/exogenous_variables.html and https://nixtlaverse.nixtla.io/neuralforecast/models.nbeatsx.html"
"53","url","https://open-meteo.com/en/docs","https://open-meteo.com/en/docs","200","HEAD","https://open-meteo.com/en/docs","text/html; charset=utf-8","","ok","","Open-Meteo. Forecast API documentation. https://open-meteo.com/en/docs"
"54","url","https://open-meteo.com/en/docs/historical-weather-api","https://open-meteo.com/en/docs/historical-weather-api","200","HEAD","https://open-meteo.com/en/docs/historical-weather-api","text/html; charset=utf-8","","ok","","Open-Meteo. Historical Weather API documentation. https://open-meteo.com/en/docs/historical-weather-api"
"55","url","https://docs.dagster.io/guides/build/assets","https://docs.dagster.io/guides/build/assets","200","HEAD","https://docs.dagster.io/guides/build/assets","text/html; charset=utf-8","","ok","","Dagster. Software-defined assets documentation. https://docs.dagster.io/guides/build/assets"
"56","url","https://mlflow.org/docs/latest/ml/tracking/","https://mlflow.org/docs/latest/ml/tracking/","200","HEAD","https://mlflow.org/docs/latest/ml/tracking/","text/html","","ok","","MLflow. Tracking documentation. https://mlflow.org/docs/latest/ml/tracking/"
"57","url","https://fastapi.tiangolo.com/","https://fastapi.tiangolo.com/","200","HEAD","https://fastapi.tiangolo.com/","text/html; charset=utf-8","","ok","","FastAPI. FastAPI documentation. https://fastapi.tiangolo.com/"
"58","url","https://docs.pydantic.dev/latest/concepts/strict_mode/","https://docs.pydantic.dev/latest/concepts/strict_mode/","200","HEAD","https://pydantic.dev/docs/validation/latest/concepts/strict_mode/","text/html; charset=utf-8","","ok","","Pydantic. Strict mode documentation. https://docs.pydantic.dev/latest/concepts/strict_mode/"
"59","url","https://docs.databricks.com/aws/en/lakehouse/medallion","https://docs.databricks.com/aws/en/lakehouse/medallion","200","HEAD","https://docs.databricks.com/aws/en/lakehouse/medallion","text/html","","ok","","Databricks. What is the medallion lakehouse architecture? https://docs.databricks.com/aws/en/lakehouse/medallion"
"60","url","https://digital-strategy.ec.europa.eu/en/policies/regulatory-framework-ai","https://digital-strategy.ec.europa.eu/en/policies/regulatory-framework-ai","200","HEAD","https://digital-strategy.ec.europa.eu/en/policies/regulatory-framework-ai","text/html; charset=UTF-8","","ok","","European Commission. AI Act regulatory framework. https://digital-strategy.ec.europa.eu/en/policies/regulatory-framework-ai"
