"source","kind","text","target","expected_start","expected_end","actual_anchor_matches","verdict"
"1","url","https://energy.ec.europa.eu/topics/markets-and-consumers/electricity-market-design_en","https://energy.ec.europa.eu/topics/markets-and-consumers/electricity-market-design_en","89876","89961","1","ok"
"2","url","https://energy.ec.europa.eu/news/eu-electricity-trading-day-ahead-markets-becomes-more-dynamic-2025-10-01_en","https://energy.ec.europa.eu/news/eu-electricity-trading-day-ahead-markets-becomes-more-dynamic-2025-10-01_en","90057","90165","1","ok"
"3","url","https://www.nerc.gov.ua/acts/pro-hranychni-tsiny-na-rynku-na-dobu-napered-vnutrishnodobovomu-rynku-ta-balansuiuchomu-rynku","https://www.nerc.gov.ua/acts/pro-hranychni-tsiny-na-rynku-na-dobu-napered-vnutrishnodobovomu-rynku-ta-balansuiuchomu-rynku","90279","90401","1","ok"
"4","url","https://www.oree.com.ua/index.php/newsctr/n/30795?lang=english","https://www.oree.com.ua/index.php/newsctr/n/30795?lang=english","90492","90554","1","ok"
"5","url","https://me.gov.ua/News/Detail?id=2642aff1-2328-4bad-b03f-6f0f7dc292c8&lang=uk-UA","https://me.gov.ua/News/Detail?id=2642aff1-2328-4bad-b03f-6f0f7dc292c8&lang=uk-UA","90664","90744","1","ok"
"6","url","https://me.gov.ua/download/2cad4803-661e-4ae9-9748-3006d6eb3e1c/file.pdf","https://me.gov.ua/download/2cad4803-661e-4ae9-9748-3006d6eb3e1c/file.pdf","90799","90871","1","ok"
"7","url","https://www.entsoe.eu/news/2022/03/16/continental-europe-successful-synchronisation-with-ukraine-and-moldova-power-systems/","https://www.entsoe.eu/news/2022/03/16/continental-europe-successful-synchronisation-with-ukraine-and-moldova-power-systems/","90971","91094","1","ok"
"8","url","https://www.acer.europa.eu/news/acer-will-decide-electricity-market-coupling-integration-plan-energy-community","https://www.acer.europa.eu/news/acer-will-decide-electricity-market-coupling-integration-plan-energy-community","91200","91310","1","ok"
"9","doi_label","DOI: 10.1016/j.apenergy.2022.119512","https://doi.org/10.1016/j.apenergy.2022.119512","91431","91466","1","ok"
"9","url","https://doi.org/10.1016/j.apenergy.2022.119512","https://doi.org/10.1016/j.apenergy.2022.119512","91468","91514","1","ok"
"10","doi_label","DOI: 10.1109/TEMPR.2024.3372656","https://doi.org/10.1109/TEMPR.2024.3372656","91643","91674","1","ok"
"10","url","https://doi.org/10.1109/TEMPR.2024.3372656","https://doi.org/10.1109/TEMPR.2024.3372656","91676","91718","1","ok"
"11","doi_label","DOI: 10.1016/j.apenergy.2021.116983","https://doi.org/10.1016/j.apenergy.2021.116983","91864","91899","1","ok"
"11","url","https://doi.org/10.1016/j.apenergy.2021.116983","https://doi.org/10.1016/j.apenergy.2021.116983","91901","91947","1","ok"
"12","doi_label","DOI: 10.1287/mnsc.2020.3922","https://doi.org/10.1287/mnsc.2020.3922","92008","92035","1","ok"
"12","url","https://doi.org/10.1287/mnsc.2020.3922","https://doi.org/10.1287/mnsc.2020.3922","92037","92075","1","ok"
"13","doi_label","DOI: 10.1109/TSG.2022.3166791","https://doi.org/10.1109/TSG.2022.3166791","92188","92217","1","ok"
"13","url","https://doi.org/10.1109/TSG.2022.3166791","https://doi.org/10.1109/TSG.2022.3166791","92238","92278","1","ok"
"14","doi_label","DOI: 10.1613/jair.1.15320","https://doi.org/10.1613/jair.1.15320","92391","92416","1","ok"
"14","url","https://arxiv.org/abs/2307.13565","https://arxiv.org/abs/2307.13565","92437","92469","1","ok"
"15","doi_label","DOI: 10.1016/j.ijforecast.2022.03.001","https://doi.org/10.1016/j.ijforecast.2022.03.001","92594","92631","1","ok"
"15","url","https://arxiv.org/abs/2104.05522","https://arxiv.org/abs/2104.05522","92633","92665","1","ok"
"16","doi_label","DOI: 10.48550/arXiv.1912.09363","https://doi.org/10.48550/arXiv.1912.09363","92768","92798","1","ok"
"16","url","https://arxiv.org/abs/1912.09363","https://arxiv.org/abs/1912.09363","92800","92832","1","ok"
"17","doi_label","DOI: 10.3390/en10020207","https://doi.org/10.3390/en10020207","92949","92972","1","ok"
"17","url","https://doi.org/10.3390/en10020207","https://doi.org/10.3390/en10020207","92974","93008","1","ok"
"18","doi_label","DOI: 10.3390/en12060999","https://doi.org/10.3390/en12060999","93134","93157","1","ok"
"18","url","https://doi.org/10.3390/en12060999","https://doi.org/10.3390/en12060999","93159","93193","1","ok"
"19","doi_label","DOI: 10.1016/j.est.2024.112380","https://doi.org/10.1016/j.est.2024.112380","93435","93465","1","ok"
"19","url","https://doi.org/10.1016/j.est.2024.112380","https://doi.org/10.1016/j.est.2024.112380","93467","93508","1","ok"
"20","doi_label","DOI: 10.48550/arXiv.2106.01345","https://doi.org/10.48550/arXiv.2106.01345","93594","93624","1","ok"
"20","url","https://arxiv.org/abs/2106.01345","https://arxiv.org/abs/2106.01345","93626","93658","1","ok"
"21","url","https://arxiv.org/abs/2305.14550","https://arxiv.org/abs/2305.14550","93778","93810","1","ok"
"22","doi_label","DOI: 10.1016/j.apenergy.2019.114360","https://doi.org/10.1016/j.apenergy.2019.114360","93935","93970","1","ok"
"22","url","https://doi.org/10.1016/j.apenergy.2019.114360","https://doi.org/10.1016/j.apenergy.2019.114360","93972","94018","1","ok"
"23","doi_label","DOI: 10.1109/ACCESS.2020.3035504","https://doi.org/10.1109/ACCESS.2020.3035504","94166","94198","1","ok"
"23","url","https://doi.org/10.1109/ACCESS.2020.3035504","https://doi.org/10.1109/ACCESS.2020.3035504","94200","94243","1","ok"
"24","doi_label","DOI: 10.1109/TSG.2020.2986333","https://doi.org/10.1109/TSG.2020.2986333","94372","94401","1","ok"
"24","url","https://doi.org/10.1109/TSG.2020.2986333","https://doi.org/10.1109/TSG.2020.2986333","94403","94443","1","ok"
"25","doi_label","DOI: 10.1016/j.rser.2022.112584","https://doi.org/10.1016/j.rser.2022.112584","94605","94636","1","ok"
"25","url","https://doi.org/10.1016/j.rser.2022.112584","https://doi.org/10.1016/j.rser.2022.112584","94638","94680","1","ok"
"26","url","https://www.nrel.gov/docs/fy21osti/78694.pdf","https://www.nrel.gov/docs/fy21osti/78694.pdf","94797","94841","1","ok"
"27","url","https://atb.nrel.gov/electricity/2023/residential_battery_storage/utility-scale_pv-plus-battery","https://atb.nrel.gov/electricity/2023/residential_battery_storage/utility-scale_pv-plus-battery","94917","95012","1","ok"
"28","doi_label","DOI: 10.1002/for.3084","https://doi.org/10.1002/for.3084","95123","95144","1","ok"
"28","url","https://doi.org/10.1002/for.3084","https://doi.org/10.1002/for.3084","95146","95178","1","ok"
"29","doi_label","DOI: 10.48550/arXiv.2402.19072","https://doi.org/10.48550/arXiv.2402.19072","95283","95313","1","ok"
"29","url","https://arxiv.org/abs/2402.19072","https://arxiv.org/abs/2402.19072","95315","95347","1","ok"
"30","doi_label","DOI: 10.48550/arXiv.2602.10071","https://doi.org/10.48550/arXiv.2602.10071","95480","95510","1","ok"
"30","url","https://arxiv.org/abs/2602.10071","https://arxiv.org/abs/2602.10071","95512","95544","1","ok"
"31","doi_label","DOI: 10.1002/for.70065","https://doi.org/10.1002/for.70065","95667","95689","1","ok"
"31","url","https://doi.org/10.1002/for.70065","https://doi.org/10.1002/for.70065","95691","95724","1","ok"
"32","url","https://arxiv.org/abs/2508.04875","https://arxiv.org/abs/2508.04875","95833","95865","1","ok"
"33","url","https://arxiv.org/abs/2508.11372","https://arxiv.org/abs/2508.11372","96009","96041","1","ok"
"34","url","https://arxiv.org/abs/2510.13654","https://arxiv.org/abs/2510.13654","96187","96219","1","ok"
"35","url","https://arxiv.org/abs/2509.13906","https://arxiv.org/abs/2509.13906","96367","96399","1","ok"
"36","url","https://arxiv.org/abs/2602.17634","https://arxiv.org/abs/2602.17634","96509","96541","1","ok"
"37","url","https://arxiv.org/abs/2405.14719","https://arxiv.org/abs/2405.14719","96668","96700","1","ok"
"38","url","https://arxiv.org/abs/2406.17085","https://arxiv.org/abs/2406.17085","96824","96856","1","ok"
"39","url","https://arxiv.org/abs/2401.00015","https://arxiv.org/abs/2401.00015","97001","97033","1","ok"
"40","doi_label","DOI: 10.48550/arXiv.1910.12430","https://doi.org/10.48550/arXiv.1910.12430","97097","97127","1","ok"
"40","url","https://arxiv.org/abs/1910.12430","https://arxiv.org/abs/1910.12430","97129","97161","1","ok"
"41","url","https://proceedings.mlr.press/v70/amos17a.html","https://proceedings.mlr.press/v70/amos17a.html","97304","97350","1","ok"
"42","doi_label","DOI: 10.48550/arXiv.2505.01551","https://doi.org/10.48550/arXiv.2505.01551","97442","97472","1","ok"
"42","url","https://arxiv.org/abs/2505.01551","https://arxiv.org/abs/2505.01551","97474","97506","1","ok"
"43","url","https://huggingface.co/docs/transformers/model_doc/decision_transformer","https://huggingface.co/docs/transformers/model_doc/decision_transformer","97568","97639","1","ok"
"44","url","https://www.entsoe.eu/data/transparency-platform/","https://www.entsoe.eu/data/transparency-platform/","97709","97758","1","ok"
"45","url","https://open-power-system-data.org/","https://open-power-system-data.org/","97830","97865","1","ok"
"46","url","https://data.open-power-system-data.org/time_series/","https://data.open-power-system-data.org/time_series/","97921","97973","1","ok"
"47","url","https://www.nordpoolgroup.com/en/services/power-market-data-services/dataportalregistration/","https://www.nordpoolgroup.com/en/services/power-market-data-services/dataportalregistration/","98028","98120","1","ok"
"48","url","https://ember-energy.org/data/api","https://ember-energy.org/data/api","98164","98197","1","ok"
"49","url","https://arxiv.org/abs/2101.05249","https://arxiv.org/abs/2101.05249","98407","98439","1","ok"
"50","doi_label","DOI: 10.1109/PowerTech55446.2023.10202771","https://doi.org/10.1109/PowerTech55446.2023.10202771","98554","98595","1","ok"
"50","url","https://doi.org/10.1109/PowerTech55446.2023.10202771","https://doi.org/10.1109/PowerTech55446.2023.10202771","98597","98649","1","ok"
"51","url","https://arxiv.org/abs/2507.13250","https://arxiv.org/abs/2507.13250","98815","98847","1","ok"
"52","url","https://nixtlaverse.nixtla.io/neuralforecast/docs/capabilities/exogenous_variables.html","https://nixtlaverse.nixtla.io/neuralforecast/docs/capabilities/exogenous_variables.html","98923","99010","1","ok"
"52","url","https://nixtlaverse.nixtla.io/neuralforecast/models.nbeatsx.html","https://nixtlaverse.nixtla.io/neuralforecast/models.nbeatsx.html","99015","99079","1","ok"
"53","url","https://open-meteo.com/en/docs","https://open-meteo.com/en/docs","99125","99155","1","ok"
"54","url","https://open-meteo.com/en/docs/historical-weather-api","https://open-meteo.com/en/docs/historical-weather-api","99211","99264","1","ok"
"55","url","https://docs.dagster.io/guides/build/assets","https://docs.dagster.io/guides/build/assets","99318","99361","1","ok"
"56","url","https://mlflow.org/docs/latest/ml/tracking/","https://mlflow.org/docs/latest/ml/tracking/","99399","99442","1","ok"
"57","url","https://fastapi.tiangolo.com/","https://fastapi.tiangolo.com/","99480","99509","1","ok"
"58","url","https://docs.pydantic.dev/latest/concepts/strict_mode/","https://docs.pydantic.dev/latest/concepts/strict_mode/","99552","99606","1","ok"
"59","url","https://docs.databricks.com/aws/en/lakehouse/medallion","https://docs.databricks.com/aws/en/lakehouse/medallion","99670","99724","1","ok"
"60","url","https://digital-strategy.ec.europa.eu/en/policies/regulatory-framework-ai","https://digital-strategy.ec.europa.eu/en/policies/regulatory-framework-ai","99780","99853","1","ok"
