source_model_name,evaluation_window_index,training_window_indices,architecture,objective_kind,seed,fit_anchor_count,inner_validation_anchor_count,evaluation_profile_row_count,evaluation_date_count,checkpoint_epoch,inner_validation_loss,training_solver_status,mean_regret_uah,median_regret_uah,raw_mean_regret_uah,mean_dfl_minus_raw_regret_uah,v2_plus_mean_regret_uah,mean_dfl_minus_v2_plus_regret_uah,mean_date_cluster_delta_uah,forecast_mae_uah_mwh,tail_loss_count,safety_violation_count,content_overlap_count,promotable_v13_permitted_training_rows,promotion_gate_passed,market_execution_enabled,claim_scope,profile_aware_decision_loss,training_battery_contract_kind,training_terminal_soc_equality,training_quadratic_regularization
nbeatsx_official_global_panel_horizon_calibrated_v1,1,"4,3,2",mlp,decision_focused,7,36,18,90,18,1,-2.11985137678815,cvxpylayer_scaled_strictly_convex,710.7703511163141,457.54641861672167,622.2489421796947,88.52140893661942,174.7683983151615,536.0019528011527,536.0019528011527,1908.877050633414,73,0,0,0,false,false,differentiable_forecast_storage_research_shadow_not_full_predict_then_bid,true,tenant_registry_profile_specific,true,0.001
nbeatsx_official_global_panel_horizon_calibrated_v1,1,"4,3,2",mlp,decision_focused,42,36,18,90,18,3,-2.198168796772384,cvxpylayer_scaled_strictly_convex,775.232123953123,405.99022392426025,622.2489421796947,152.98318177342833,174.7683983151615,600.4637256379616,600.4637256379616,1943.0923506199026,72,0,0,0,false,false,differentiable_forecast_storage_research_shadow_not_full_predict_then_bid,true,tenant_registry_profile_specific,true,0.001
nbeatsx_official_global_panel_horizon_calibrated_v1,1,"4,3,2",mlp,decision_focused,2026,36,18,90,18,2,-2.32955306840352,cvxpylayer_scaled_strictly_convex,662.4878489231367,326.87021818760945,622.2489421796947,40.23890674344193,174.7683983151615,487.71945060797515,487.71945060797515,1897.3496128083038,63,0,0,0,false,false,differentiable_forecast_storage_research_shadow_not_full_predict_then_bid,true,tenant_registry_profile_specific,true,0.001
nbeatsx_official_global_panel_horizon_calibrated_v1,1,"4,3,2",mlp,forecast_loss,7,36,18,90,18,6,7.296074239563174,not_used_for_forecast_loss,889.053676093321,526.8737075073786,622.2489421796947,266.80473391362625,174.7683983151615,714.2852777781594,714.2852777781594,1895.7640894276337,81,0,0,0,false,false,differentiable_forecast_storage_research_shadow_not_full_predict_then_bid,false,not_applicable_forecast_loss,false,0.0
nbeatsx_official_global_panel_horizon_calibrated_v1,1,"4,3,2",mlp,forecast_loss,42,36,18,90,18,6,6.924137735466747,not_used_for_forecast_loss,801.7683246779618,468.7343022757707,622.2489421796947,179.51938249826708,174.7683983151615,626.9999263628004,626.9999263628004,1956.489257819005,64,0,0,0,false,false,differentiable_forecast_storage_research_shadow_not_full_predict_then_bid,false,not_applicable_forecast_loss,false,0.0
nbeatsx_official_global_panel_horizon_calibrated_v1,1,"4,3,2",mlp,forecast_loss,2026,36,18,90,18,6,6.637814525870393,not_used_for_forecast_loss,685.1139532858208,393.6803311556531,622.2489421796947,62.865011106126076,174.7683983151615,510.3455549706593,510.3455549706593,1861.3598982477029,73,0,0,0,false,false,differentiable_forecast_storage_research_shadow_not_full_predict_then_bid,false,not_applicable_forecast_loss,false,0.0
nbeatsx_official_global_panel_horizon_calibrated_v1,1,"4,3,2",transformer,decision_focused,7,36,18,90,18,2,-2.275640670147813,cvxpylayer_scaled_strictly_convex,568.0493371322261,260.484810777785,622.2489421796947,-54.199605047468594,174.7683983151615,393.28093881706457,393.28093881706457,1898.8628865945072,42,0,0,0,false,false,differentiable_forecast_storage_research_shadow_not_full_predict_then_bid,true,tenant_registry_profile_specific,true,0.001
nbeatsx_official_global_panel_horizon_calibrated_v1,1,"4,3,2",transformer,decision_focused,42,36,18,90,18,3,-2.2592944149534544,cvxpylayer_scaled_strictly_convex,702.4428997191976,395.5901935585175,622.2489421796947,80.19395753950289,174.7683983151615,527.6745014040362,527.6745014040362,2418.4309520978004,66,0,0,0,false,false,differentiable_forecast_storage_research_shadow_not_full_predict_then_bid,true,tenant_registry_profile_specific,true,0.001
nbeatsx_official_global_panel_horizon_calibrated_v1,1,"4,3,2",transformer,decision_focused,2026,36,18,90,18,1,-2.262194637646656,cvxpylayer_scaled_strictly_convex,622.9879348655519,262.5499094416841,622.2489421796947,0.7389926858571698,174.7683983151615,448.2195365503904,448.2195365503904,2028.0103841805999,51,0,0,0,false,false,differentiable_forecast_storage_research_shadow_not_full_predict_then_bid,true,tenant_registry_profile_specific,true,0.001
nbeatsx_official_global_panel_horizon_calibrated_v1,1,"4,3,2",transformer,forecast_loss,7,36,18,90,18,2,6.472460519074399,not_used_for_forecast_loss,578.0738373550485,273.3635781768601,622.2489421796947,-44.17510482464627,174.7683983151615,403.3054390398869,403.3054390398869,2070.89458297496,46,0,0,0,false,false,differentiable_forecast_storage_research_shadow_not_full_predict_then_bid,false,not_applicable_forecast_loss,false,0.0
nbeatsx_official_global_panel_horizon_calibrated_v1,1,"4,3,2",transformer,forecast_loss,42,36,18,90,18,3,6.264133860811195,not_used_for_forecast_loss,574.350919506681,255.84295615171425,622.2489421796947,-47.89802267301377,174.7683983151615,399.58252119151945,399.58252119151945,2161.9077146362856,45,0,0,0,false,false,differentiable_forecast_storage_research_shadow_not_full_predict_then_bid,false,not_applicable_forecast_loss,false,0.0
nbeatsx_official_global_panel_horizon_calibrated_v1,1,"4,3,2",transformer,forecast_loss,2026,36,18,90,18,1,6.291275514796796,not_used_for_forecast_loss,619.1995088770124,262.5499111592162,622.2489421796947,-3.0494333026823597,174.7683983151615,444.43111056185086,444.43111056185086,2056.2947467791832,50,0,0,0,false,false,differentiable_forecast_storage_research_shadow_not_full_predict_then_bid,false,not_applicable_forecast_loss,false,0.0
nbeatsx_official_global_panel_horizon_calibrated_v1,2,"4,3",mlp,decision_focused,7,18,18,90,18,6,-2.058709453213215,cvxpylayer_scaled_strictly_convex,769.0816419132402,573.5937440446414,567.0220887499553,202.05955316328493,226.12489112626542,542.9567507869748,542.9567507869748,2174.8377655256613,70,0,0,0,false,false,differentiable_forecast_storage_research_shadow_not_full_predict_then_bid,true,tenant_registry_profile_specific,true,0.001
nbeatsx_official_global_panel_horizon_calibrated_v1,2,"4,3",mlp,decision_focused,42,18,18,90,18,4,-2.2326529563150235,cvxpylayer_scaled_strictly_convex,662.4363954885199,606.2014795518472,567.0220887499553,95.41430673856462,226.12489112626542,436.3115043622544,436.3115043622544,2167.800806230427,70,0,0,0,false,false,differentiable_forecast_storage_research_shadow_not_full_predict_then_bid,true,tenant_registry_profile_specific,true,0.001
nbeatsx_official_global_panel_horizon_calibrated_v1,2,"4,3",mlp,decision_focused,2026,18,18,90,18,6,-2.180937286304698,cvxpylayer_scaled_strictly_convex,430.9099955392207,332.7425882436694,567.0220887499553,-136.1120932107346,226.12489112626542,204.78510441295526,204.78510441295526,2278.3673522555623,40,0,0,0,false,false,differentiable_forecast_storage_research_shadow_not_full_predict_then_bid,true,tenant_registry_profile_specific,true,0.001
nbeatsx_official_global_panel_horizon_calibrated_v1,2,"4,3",mlp,forecast_loss,7,18,18,90,18,6,13.884103061258337,not_used_for_forecast_loss,788.9354856022339,606.731739667018,567.0220887499553,221.91339685227865,226.12489112626542,562.8105944759685,562.8105944759685,2185.1829368481367,71,0,0,0,false,false,differentiable_forecast_storage_research_shadow_not_full_predict_then_bid,false,not_applicable_forecast_loss,false,0.0
nbeatsx_official_global_panel_horizon_calibrated_v1,2,"4,3",mlp,forecast_loss,42,18,18,90,18,4,14.415834116381307,not_used_for_forecast_loss,559.4418626017688,457.3408560589214,567.0220887499553,-7.580226148186512,226.12489112626542,333.3169714755034,333.3169714755034,2251.476847227559,60,0,0,0,false,false,differentiable_forecast_storage_research_shadow_not_full_predict_then_bid,false,not_applicable_forecast_loss,false,0.0
nbeatsx_official_global_panel_horizon_calibrated_v1,2,"4,3",mlp,forecast_loss,2026,18,18,90,18,6,14.158819282558978,not_used_for_forecast_loss,422.23669039013396,305.25942104516025,567.0220887499553,-144.78539835982133,226.12489112626542,196.11179926386856,196.11179926386856,2291.0978431824824,40,0,0,0,false,false,differentiable_forecast_storage_research_shadow_not_full_predict_then_bid,false,not_applicable_forecast_loss,false,0.0
nbeatsx_official_global_panel_horizon_calibrated_v1,2,"4,3",transformer,decision_focused,7,18,18,90,18,6,-2.1886026060256127,cvxpylayer_scaled_strictly_convex,568.4790295845494,464.38172182734934,567.0220887499553,1.4569408345940928,226.12489112626542,342.354138458284,342.354138458284,2634.069616576058,54,0,0,0,false,false,differentiable_forecast_storage_research_shadow_not_full_predict_then_bid,true,tenant_registry_profile_specific,true,0.001
nbeatsx_official_global_panel_horizon_calibrated_v1,2,"4,3",transformer,decision_focused,42,18,18,90,18,1,-2.133882320169998,cvxpylayer_scaled_strictly_convex,565.5580088950112,447.66536143246583,567.0220887499553,-1.4640798549440888,226.12489112626542,339.43311776874583,339.43311776874583,2124.003951138132,53,0,0,0,false,false,differentiable_forecast_storage_research_shadow_not_full_predict_then_bid,true,tenant_registry_profile_specific,true,0.001
nbeatsx_official_global_panel_horizon_calibrated_v1,2,"4,3",transformer,decision_focused,2026,18,18,90,18,5,-2.2188548027806956,cvxpylayer_scaled_strictly_convex,567.389420820335,473.65966581651855,567.0220887499553,0.36733207037968896,226.12489112626542,341.26452969406955,341.26452969406955,2437.8810947394895,60,0,0,0,false,false,differentiable_forecast_storage_research_shadow_not_full_predict_then_bid,true,tenant_registry_profile_specific,true,0.001
nbeatsx_official_global_panel_horizon_calibrated_v1,2,"4,3",transformer,forecast_loss,7,18,18,90,18,2,11.365881274729865,not_used_for_forecast_loss,533.609232257942,437.22649164821746,567.0220887499553,-33.41285649201325,226.12489112626542,307.4843411316766,307.4843411316766,2044.785874342438,53,0,0,0,false,false,differentiable_forecast_storage_research_shadow_not_full_predict_then_bid,false,not_applicable_forecast_loss,false,0.0
nbeatsx_official_global_panel_horizon_calibrated_v1,2,"4,3",transformer,forecast_loss,42,18,18,90,18,2,11.46743388370477,not_used_for_forecast_loss,523.7385467836084,435.6448332592279,567.0220887499553,-43.28354196634689,226.12489112626542,297.613655657343,297.61365565734303,1955.3140831549595,49,0,0,0,false,false,differentiable_forecast_storage_research_shadow_not_full_predict_then_bid,false,not_applicable_forecast_loss,false,0.0
nbeatsx_official_global_panel_horizon_calibrated_v1,2,"4,3",transformer,forecast_loss,2026,18,18,90,18,1,11.66138740384113,not_used_for_forecast_loss,540.0028299338596,468.441695474487,567.0220887499553,-27.019258816095657,226.12489112626542,313.8779388075942,313.8779388075942,1960.5922015618096,51,0,0,0,false,false,differentiable_forecast_storage_research_shadow_not_full_predict_then_bid,false,not_applicable_forecast_loss,false,0.0
nbeatsx_official_global_panel_horizon_calibrated_v1,3,4,mlp,decision_focused,7,12,6,90,18,2,-1.2407781983063062,cvxpylayer_scaled_strictly_convex,999.8623057200009,831.536106586309,878.2166211375693,121.64568458243161,393.26770932452314,606.5945963954778,606.5945963954778,2853.252950294611,73,0,0,0,false,false,differentiable_forecast_storage_research_shadow_not_full_predict_then_bid,true,tenant_registry_profile_specific,true,0.001
nbeatsx_official_global_panel_horizon_calibrated_v1,3,4,mlp,decision_focused,42,12,6,90,18,2,-1.3335727008380795,cvxpylayer_scaled_strictly_convex,824.0106468236606,574.9939078090675,878.2166211375693,-54.205974313908655,393.26770932452314,430.7429374991375,430.7429374991375,2900.3824670336026,61,0,0,0,false,false,differentiable_forecast_storage_research_shadow_not_full_predict_then_bid,true,tenant_registry_profile_specific,true,0.001
nbeatsx_official_global_panel_horizon_calibrated_v1,3,4,mlp,decision_focused,2026,12,6,90,18,1,-0.9574421124876632,cvxpylayer_scaled_strictly_convex,846.8111707879896,685.5817755506536,878.2166211375693,-31.405450349579723,393.26770932452314,453.5434614634665,453.5434614634665,2883.506749586929,58,0,0,0,false,false,differentiable_forecast_storage_research_shadow_not_full_predict_then_bid,true,tenant_registry_profile_specific,true,0.001
nbeatsx_official_global_panel_horizon_calibrated_v1,3,4,mlp,forecast_loss,7,12,6,90,18,6,18.572399444825333,not_used_for_forecast_loss,1013.9485747491431,903.1486256442874,878.2166211375693,135.73195361157377,393.26770932452314,620.6808654246199,620.6808654246199,2877.665092752666,65,0,0,0,false,false,differentiable_forecast_storage_research_shadow_not_full_predict_then_bid,false,not_applicable_forecast_loss,false,0.0
nbeatsx_official_global_panel_horizon_calibrated_v1,3,4,mlp,forecast_loss,42,12,6,90,18,6,17.976698982402084,not_used_for_forecast_loss,745.463361824782,531.7606537583845,878.2166211375693,-132.75325931278724,393.26770932452314,352.1956525002589,352.1956525002589,2882.538244781262,48,0,0,0,false,false,differentiable_forecast_storage_research_shadow_not_full_predict_then_bid,false,not_applicable_forecast_loss,false,0.0
nbeatsx_official_global_panel_horizon_calibrated_v1,3,4,mlp,forecast_loss,2026,12,6,90,18,6,17.675670830759664,not_used_for_forecast_loss,782.8759735337683,549.1471097709361,878.2166211375693,-95.34064760380102,393.26770932452314,389.6082642092452,389.6082642092452,2872.2022562689986,53,0,0,0,false,false,differentiable_forecast_storage_research_shadow_not_full_predict_then_bid,false,not_applicable_forecast_loss,false,0.0
nbeatsx_official_global_panel_horizon_calibrated_v1,3,4,transformer,decision_focused,7,12,6,90,18,4,-1.3141790488992608,cvxpylayer_scaled_strictly_convex,791.9491263055168,581.3701399935667,878.2166211375693,-86.26749483205253,393.26770932452314,398.68141698099356,398.68141698099356,2822.981611333065,53,0,0,0,false,false,differentiable_forecast_storage_research_shadow_not_full_predict_then_bid,true,tenant_registry_profile_specific,true,0.001
nbeatsx_official_global_panel_horizon_calibrated_v1,3,4,transformer,decision_focused,42,12,6,90,18,1,-1.285419895734805,cvxpylayer_scaled_strictly_convex,832.0092064392039,652.7643232426708,878.2166211375693,-46.20741469836537,393.26770932452314,438.74149711468084,438.74149711468084,2858.40642857767,53,0,0,0,false,false,differentiable_forecast_storage_research_shadow_not_full_predict_then_bid,true,tenant_registry_profile_specific,true,0.001
nbeatsx_official_global_panel_horizon_calibrated_v1,3,4,transformer,decision_focused,2026,12,6,90,18,2,-1.2844716610398714,cvxpylayer_scaled_strictly_convex,901.4447530242853,725.87535823605,878.2166211375693,23.228131886716028,393.26770932452314,508.1770436997622,508.1770436997622,2861.4111373288465,62,0,0,0,false,false,differentiable_forecast_storage_research_shadow_not_full_predict_then_bid,true,tenant_registry_profile_specific,true,0.001
nbeatsx_official_global_panel_horizon_calibrated_v1,3,4,transformer,forecast_loss,7,12,6,90,18,3,17.84059525630606,not_used_for_forecast_loss,803.1758696399496,581.3701386929292,878.2166211375693,-75.04075149761968,393.26770932452314,409.90816031542647,409.90816031542647,2742.547470459594,55,0,0,0,false,false,differentiable_forecast_storage_research_shadow_not_full_predict_then_bid,false,not_applicable_forecast_loss,false,0.0
nbeatsx_official_global_panel_horizon_calibrated_v1,3,4,transformer,forecast_loss,42,12,6,90,18,3,17.17324284386739,not_used_for_forecast_loss,799.642736683757,588.5387147425706,878.2166211375693,-78.5738844538123,393.26770932452314,406.37502735923385,406.37502735923385,2897.2527159391047,57,0,0,0,false,false,differentiable_forecast_storage_research_shadow_not_full_predict_then_bid,false,not_applicable_forecast_loss,false,0.0
nbeatsx_official_global_panel_horizon_calibrated_v1,3,4,transformer,forecast_loss,2026,12,6,90,18,2,17.189427421632487,not_used_for_forecast_loss,901.4447532921868,725.8753582529439,878.2166211375693,23.22813215461747,393.26770932452314,508.1770439676636,508.1770439676636,2861.3866922203397,62,0,0,0,false,false,differentiable_forecast_storage_research_shadow_not_full_predict_then_bid,false,not_applicable_forecast_loss,false,0.0
nbeatsx_official_global_panel_v1,1,"4,3,2",mlp,decision_focused,7,36,18,90,18,6,-2.2725812094389948,cvxpylayer_scaled_strictly_convex,816.6768782257772,400.3822447458808,771.2554242876997,45.421453938077434,193.35903850044008,623.3178397253371,623.3178397253371,2217.4211502843923,65,0,0,0,false,false,differentiable_forecast_storage_research_shadow_not_full_predict_then_bid,true,tenant_registry_profile_specific,true,0.001
nbeatsx_official_global_panel_v1,1,"4,3,2",mlp,decision_focused,42,36,18,90,18,6,-2.29240590263744,cvxpylayer_scaled_strictly_convex,993.3829671991951,540.1746982604195,771.2554242876997,222.12754291149542,193.35903850044008,800.0239286987551,800.0239286987551,2083.546128832461,77,0,0,0,false,false,differentiable_forecast_storage_research_shadow_not_full_predict_then_bid,true,tenant_registry_profile_specific,true,0.001
nbeatsx_official_global_panel_v1,1,"4,3,2",mlp,decision_focused,2026,36,18,90,18,1,-2.2945631405897484,cvxpylayer_scaled_strictly_convex,703.3450747229238,325.5123333699063,771.2554242876997,-67.91034956477597,193.35903850044008,509.9860362224837,509.9860362224837,2278.679487656964,56,0,0,0,false,false,differentiable_forecast_storage_research_shadow_not_full_predict_then_bid,true,tenant_registry_profile_specific,true,0.001
nbeatsx_official_global_panel_v1,1,"4,3,2",mlp,forecast_loss,7,36,18,90,18,6,6.158467878897934,not_used_for_forecast_loss,714.5286239713324,362.2949673778339,771.2554242876997,-56.7268003163673,193.35903850044008,521.1695854708923,521.1695854708923,1957.3448184757767,54,0,0,0,false,false,differentiable_forecast_storage_research_shadow_not_full_predict_then_bid,false,not_applicable_forecast_loss,false,0.0
nbeatsx_official_global_panel_v1,1,"4,3,2",mlp,forecast_loss,42,36,18,90,18,6,6.150816172555303,not_used_for_forecast_loss,810.1108256999933,466.2013233979551,771.2554242876997,38.85540141229353,193.35903850044008,616.7517871995532,616.7517871995532,2003.3352691593177,74,0,0,0,false,false,differentiable_forecast_storage_research_shadow_not_full_predict_then_bid,false,not_applicable_forecast_loss,false,0.0
nbeatsx_official_global_panel_v1,1,"4,3,2",mlp,forecast_loss,2026,36,18,90,18,6,6.2343344274417545,not_used_for_forecast_loss,775.8197597027856,425.4234226664936,771.2554242876997,4.564335415085907,193.35903850044008,582.4607212023456,582.4607212023456,2038.0785373959227,68,0,0,0,false,false,differentiable_forecast_storage_research_shadow_not_full_predict_then_bid,false,not_applicable_forecast_loss,false,0.0
nbeatsx_official_global_panel_v1,1,"4,3,2",transformer,decision_focused,7,36,18,90,18,1,-2.2617180524168474,cvxpylayer_scaled_strictly_convex,664.8802106979629,361.91442840071113,771.2554242876997,-106.37521358973686,193.35903850044008,471.52117219752273,471.52117219752273,2088.112978568619,55,0,0,0,false,false,differentiable_forecast_storage_research_shadow_not_full_predict_then_bid,true,tenant_registry_profile_specific,true,0.001
nbeatsx_official_global_panel_v1,1,"4,3,2",transformer,decision_focused,42,36,18,90,18,1,-2.187229945463345,cvxpylayer_scaled_strictly_convex,963.9250453286788,605.8615136154517,771.2554242876997,192.6696210409791,193.35903850044008,770.5660068282388,770.5660068282388,2602.671936709382,79,0,0,0,false,false,differentiable_forecast_storage_research_shadow_not_full_predict_then_bid,true,tenant_registry_profile_specific,true,0.001
nbeatsx_official_global_panel_v1,1,"4,3,2",transformer,decision_focused,2026,36,18,90,18,1,-2.2509852930129783,cvxpylayer_scaled_strictly_convex,643.4744607418916,303.14313547208326,771.2554242876997,-127.78096354580816,193.35903850044008,450.1154222414515,450.1154222414515,2219.203575661823,51,0,0,0,false,false,differentiable_forecast_storage_research_shadow_not_full_predict_then_bid,true,tenant_registry_profile_specific,true,0.001
nbeatsx_official_global_panel_v1,1,"4,3,2",transformer,forecast_loss,7,36,18,90,18,1,6.353987773704983,not_used_for_forecast_loss,649.8524715500962,356.4273145853705,771.2554242876997,-121.40295273760353,193.35903850044008,456.4934330496561,456.4934330496561,2082.344070516553,55,0,0,0,false,false,differentiable_forecast_storage_research_shadow_not_full_predict_then_bid,false,not_applicable_forecast_loss,false,0.0
nbeatsx_official_global_panel_v1,1,"4,3,2",transformer,forecast_loss,42,36,18,90,18,4,6.550121765052601,not_used_for_forecast_loss,650.588726828964,346.8366732493039,771.2554242876997,-120.66669745873571,193.35903850044008,457.2296883285239,457.2296883285239,2036.8423431967544,55,0,0,0,false,false,differentiable_forecast_storage_research_shadow_not_full_predict_then_bid,false,not_applicable_forecast_loss,false,0.0
nbeatsx_official_global_panel_v1,1,"4,3,2",transformer,forecast_loss,2026,36,18,90,18,6,6.436878416070617,not_used_for_forecast_loss,658.4593551690178,323.1182749662546,771.2554242876997,-112.79606911868188,193.35903850044008,465.1003166685777,465.1003166685777,2002.7873608980235,55,0,0,0,false,false,differentiable_forecast_storage_research_shadow_not_full_predict_then_bid,false,not_applicable_forecast_loss,false,0.0
nbeatsx_official_global_panel_v1,2,"4,3",mlp,decision_focused,7,18,18,90,18,1,-1.882540903544196,cvxpylayer_scaled_strictly_convex,712.1604016773681,528.8352068906144,540.2812393996722,171.87916227769585,279.0215896259489,433.1388120514192,433.1388120514192,1980.0992760947659,63,0,0,0,false,false,differentiable_forecast_storage_research_shadow_not_full_predict_then_bid,true,tenant_registry_profile_specific,true,0.001
nbeatsx_official_global_panel_v1,2,"4,3",mlp,decision_focused,42,18,18,90,18,1,-1.9653158277758067,cvxpylayer_scaled_strictly_convex,707.2305936079755,536.5109333390651,540.2812393996722,166.94935420830325,279.0215896259489,428.2090039820266,428.20900398202656,2005.299328793281,62,0,0,0,false,false,differentiable_forecast_storage_research_shadow_not_full_predict_then_bid,true,tenant_registry_profile_specific,true,0.001
nbeatsx_official_global_panel_v1,2,"4,3",mlp,decision_focused,2026,18,18,90,18,2,-2.1092520591355663,cvxpylayer_scaled_strictly_convex,539.5040840691122,408.8552365065311,540.2812393996722,-0.7771553305600492,279.0215896259489,260.4824944431633,260.4824944431633,1999.8790002792086,47,0,0,0,false,false,differentiable_forecast_storage_research_shadow_not_full_predict_then_bid,true,tenant_registry_profile_specific,true,0.001
nbeatsx_official_global_panel_v1,2,"4,3",mlp,forecast_loss,7,18,18,90,18,6,15.015388899181247,not_used_for_forecast_loss,1019.73539776516,802.4141062511183,540.2812393996722,479.45415836548773,279.0215896259489,740.7138081392111,740.7138081392111,2147.678751698508,76,0,0,0,false,false,differentiable_forecast_storage_research_shadow_not_full_predict_then_bid,false,not_applicable_forecast_loss,false,0.0
nbeatsx_official_global_panel_v1,2,"4,3",mlp,forecast_loss,42,18,18,90,18,2,14.936688502303568,not_used_for_forecast_loss,735.8364492723136,563.5561694426667,540.2812393996722,195.5552098726414,279.0215896259489,456.8148596463648,456.8148596463648,2018.6772421951366,65,0,0,0,false,false,differentiable_forecast_storage_research_shadow_not_full_predict_then_bid,false,not_applicable_forecast_loss,false,0.0
nbeatsx_official_global_panel_v1,2,"4,3",mlp,forecast_loss,2026,18,18,90,18,6,13.617142146426179,not_used_for_forecast_loss,626.5113077281483,514.3648057959169,540.2812393996722,86.23006832847602,279.0215896259489,347.4897181021994,347.4897181021994,2081.681164774969,60,0,0,0,false,false,differentiable_forecast_storage_research_shadow_not_full_predict_then_bid,false,not_applicable_forecast_loss,false,0.0
nbeatsx_official_global_panel_v1,2,"4,3",transformer,decision_focused,7,18,18,90,18,1,-2.094323548123422,cvxpylayer_scaled_strictly_convex,537.6400576550251,415.05091015421107,540.2812393996722,-2.641181744647156,279.0215896259489,258.6184680290762,258.6184680290762,1959.4537694980647,49,0,0,0,false,false,differentiable_forecast_storage_research_shadow_not_full_predict_then_bid,true,tenant_registry_profile_specific,true,0.001
nbeatsx_official_global_panel_v1,2,"4,3",transformer,decision_focused,42,18,18,90,18,1,-2.1999258319216404,cvxpylayer_scaled_strictly_convex,559.6251459457526,475.48026610374177,540.2812393996722,19.343906546080348,279.0215896259489,280.6035563198037,280.6035563198037,1932.2043475361784,51,0,0,0,false,false,differentiable_forecast_storage_research_shadow_not_full_predict_then_bid,true,tenant_registry_profile_specific,true,0.001
nbeatsx_official_global_panel_v1,2,"4,3",transformer,decision_focused,2026,18,18,90,18,4,-2.0950478875670164,cvxpylayer_scaled_strictly_convex,565.2386285408339,460.08383474983646,540.2812393996722,24.957389141161684,279.0215896259489,286.217038914885,286.217038914885,2448.458465136193,50,0,0,0,false,false,differentiable_forecast_storage_research_shadow_not_full_predict_then_bid,true,tenant_registry_profile_specific,true,0.001
nbeatsx_official_global_panel_v1,2,"4,3",transformer,forecast_loss,7,18,18,90,18,1,12.309947332773985,not_used_for_forecast_loss,539.3529281965476,436.741339837439,540.2812393996722,-0.9283112031246219,279.0215896259489,260.3313385705988,260.33133857059875,1957.6424435508945,49,0,0,0,false,false,differentiable_forecast_storage_research_shadow_not_full_predict_then_bid,false,not_applicable_forecast_loss,false,0.0
nbeatsx_official_global_panel_v1,2,"4,3",transformer,forecast_loss,42,18,18,90,18,1,12.388995049096332,not_used_for_forecast_loss,559.6251277239938,475.4802661052489,540.2812393996722,19.343888324321597,279.0215896259489,280.603538098045,280.603538098045,1932.4695683375571,51,0,0,0,false,false,differentiable_forecast_storage_research_shadow_not_full_predict_then_bid,false,not_applicable_forecast_loss,false,0.0
nbeatsx_official_global_panel_v1,2,"4,3",transformer,forecast_loss,2026,18,18,90,18,5,13.167244354931574,not_used_for_forecast_loss,500.26250775548294,349.66214801468334,540.2812393996722,-40.0187316441893,279.0215896259489,221.24091812953404,221.24091812953404,2070.1862567029834,45,0,0,0,false,false,differentiable_forecast_storage_research_shadow_not_full_predict_then_bid,false,not_applicable_forecast_loss,false,0.0
nbeatsx_official_global_panel_v1,3,4,mlp,decision_focused,7,12,6,90,18,6,-0.9120228856759212,cvxpylayer_scaled_strictly_convex,1497.125286868487,1250.698710064413,891.9633865198972,605.1619003485897,411.49660669609,1085.6286801723968,1085.6286801723968,2943.2193058494254,79,0,0,0,false,false,differentiable_forecast_storage_research_shadow_not_full_predict_then_bid,true,tenant_registry_profile_specific,true,0.001
nbeatsx_official_global_panel_v1,3,4,mlp,decision_focused,42,12,6,90,18,6,-0.9920440022253616,cvxpylayer_scaled_strictly_convex,1463.3533414152694,1277.685347283543,891.9633865198972,571.3899548953722,411.49660669609,1051.8567347191795,1051.8567347191793,2936.3193892098543,74,0,0,0,false,false,differentiable_forecast_storage_research_shadow_not_full_predict_then_bid,true,tenant_registry_profile_specific,true,0.001
nbeatsx_official_global_panel_v1,3,4,mlp,decision_focused,2026,12,6,90,18,6,-1.130784204401606,cvxpylayer_scaled_strictly_convex,940.5962639791973,764.4911123050481,891.9633865198972,48.63287745930006,411.49660669609,529.0996572831073,529.0996572831073,2890.331250881964,57,0,0,0,false,false,differentiable_forecast_storage_research_shadow_not_full_predict_then_bid,true,tenant_registry_profile_specific,true,0.001
nbeatsx_official_global_panel_v1,3,4,mlp,forecast_loss,7,12,6,90,18,6,18.690513385235324,not_used_for_forecast_loss,1484.2937264745538,1225.80928742492,891.9633865198972,592.3303399546566,411.49660669609,1072.7971197784636,1072.7971197784636,2942.8316269822612,79,0,0,0,false,false,differentiable_forecast_storage_research_shadow_not_full_predict_then_bid,false,not_applicable_forecast_loss,false,0.0
nbeatsx_official_global_panel_v1,3,4,mlp,forecast_loss,42,12,6,90,18,6,17.69889460294884,not_used_for_forecast_loss,1451.693928053531,1277.685384162764,891.9633865198972,559.7305415336338,411.49660669609,1040.197321357441,1040.197321357441,2934.134320483675,74,0,0,0,false,false,differentiable_forecast_storage_research_shadow_not_full_predict_then_bid,false,not_applicable_forecast_loss,false,0.0
nbeatsx_official_global_panel_v1,3,4,mlp,forecast_loss,2026,12,6,90,18,6,18.300557478447132,not_used_for_forecast_loss,1068.4504000863967,974.2539802515857,891.9633865198972,176.4870135664995,411.49660669609,656.9537933903066,656.9537933903067,2827.6461288039936,67,0,0,0,false,false,differentiable_forecast_storage_research_shadow_not_full_predict_then_bid,false,not_applicable_forecast_loss,false,0.0
nbeatsx_official_global_panel_v1,3,4,transformer,decision_focused,7,12,6,90,18,3,-0.8720837304260134,cvxpylayer_scaled_strictly_convex,1067.9538319481755,869.6409422062252,891.9633865198972,175.99044542827835,411.49660669609,656.4572252520855,656.4572252520855,2891.9466779538197,71,0,0,0,false,false,differentiable_forecast_storage_research_shadow_not_full_predict_then_bid,true,tenant_registry_profile_specific,true,0.001
nbeatsx_official_global_panel_v1,3,4,transformer,decision_focused,42,12,6,90,18,4,-0.8712300285984307,cvxpylayer_scaled_strictly_convex,1232.8691058832835,1039.8415522124524,891.9633865198972,340.9057193633863,411.49660669609,821.3724991871936,821.3724991871936,2917.051655696892,74,0,0,0,false,false,differentiable_forecast_storage_research_shadow_not_full_predict_then_bid,true,tenant_registry_profile_specific,true,0.001
nbeatsx_official_global_panel_v1,3,4,transformer,decision_focused,2026,12,6,90,18,4,-0.867431966402991,cvxpylayer_scaled_strictly_convex,983.2003601778748,841.7161366649383,891.9633865198972,91.23697365797761,411.49660669609,571.7037534817849,571.7037534817849,2812.9865896726606,66,0,0,0,false,false,differentiable_forecast_storage_research_shadow_not_full_predict_then_bid,true,tenant_registry_profile_specific,true,0.001
nbeatsx_official_global_panel_v1,3,4,transformer,forecast_loss,7,12,6,90,18,5,18.17097315624044,not_used_for_forecast_loss,1094.8777678816796,821.5175506086744,891.9633865198972,202.91438136178238,411.49660669609,683.3811611855897,683.3811611855896,2845.0755392117085,71,0,0,0,false,false,differentiable_forecast_storage_research_shadow_not_full_predict_then_bid,false,not_applicable_forecast_loss,false,0.0
nbeatsx_official_global_panel_v1,3,4,transformer,forecast_loss,42,12,6,90,18,2,17.704710905615897,not_used_for_forecast_loss,875.5441125952841,707.9361153641257,891.9633865198972,-16.419273924613094,411.49660669609,464.0475058991941,464.0475058991941,2921.1917168155182,66,0,0,0,false,false,differentiable_forecast_storage_research_shadow_not_full_predict_then_bid,false,not_applicable_forecast_loss,false,0.0
nbeatsx_official_global_panel_v1,3,4,transformer,forecast_loss,2026,12,6,90,18,2,16.70127273092717,not_used_for_forecast_loss,767.1015634432252,558.2646893681117,891.9633865198972,-124.86182307667195,411.49660669609,355.6049567471353,355.6049567471353,2992.117639679676,55,0,0,0,false,false,differentiable_forecast_storage_research_shadow_not_full_predict_then_bid,false,not_applicable_forecast_loss,false,0.0
