tenant_id,source_model_name,anchor_timestamp,selected_candidate_id,selected_candidate_index,selected_schedule_family,selected_regret_uah,selected_value_uah,v2_plus_candidate_id,v2_plus_regret_uah,v2_plus_value_uah,selected_minus_v2_plus_regret_uah,selected_minus_v2_plus_value_uah,predicted_regret_delta_vs_v2_plus_uah,predicted_improvement_vs_v2_plus_uah,abstained_to_v2_plus,abstention_reason,family_tail_risk_probability,tail_risk_guard_passed,research_shadow_not_promotable,dt_lava_ready,promotion_gate_passed,market_execution_enabled,not_market_execution
client_001_kyiv_mall,nbeatsx_official_global_panel_horizon_calibrated_v1,2026-04-12T23:00:00.000000,client_001_kyiv_mall|nbeatsx_official_global_panel_horizon_calibrated_v1|2026-04-12T23:00:00|schedule_value_learner_v2_plus|1,1,schedule_value_learner_v2_plus,14.014182320959662,2870.089364918997,client_001_kyiv_mall|nbeatsx_official_global_panel_horizon_calibrated_v1|2026-04-12T23:00:00|schedule_value_learner_v2_plus|1,14.014182320959662,2870.089364918997,0.0,0.0,0.0,-0.0,true,predicted_improvement_below_threshold,0.06666666666666667,true,true,false,false,false,true
client_001_kyiv_mall,nbeatsx_official_global_panel_horizon_calibrated_v1,2026-04-13T23:00:00.000000,client_001_kyiv_mall|nbeatsx_official_global_panel_horizon_calibrated_v1|2026-04-13T23:00:00|schedule_value_learner_v2_plus|1,1,schedule_value_learner_v2_plus,126.48479710248375,3471.268972489309,client_001_kyiv_mall|nbeatsx_official_global_panel_horizon_calibrated_v1|2026-04-13T23:00:00|schedule_value_learner_v2_plus|1,126.48479710248375,3471.268972489309,0.0,0.0,0.0,-0.0,true,predicted_improvement_below_threshold,0.06666666666666667,true,true,false,false,false,true
client_001_kyiv_mall,nbeatsx_official_global_panel_horizon_calibrated_v1,2026-04-14T23:00:00.000000,client_001_kyiv_mall|nbeatsx_official_global_panel_horizon_calibrated_v1|2026-04-14T23:00:00|schedule_value_learner_v2_plus|1,1,schedule_value_learner_v2_plus,215.04306242616576,3399.2467179366995,client_001_kyiv_mall|nbeatsx_official_global_panel_horizon_calibrated_v1|2026-04-14T23:00:00|schedule_value_learner_v2_plus|1,215.04306242616576,3399.2467179366995,0.0,0.0,0.0,-0.0,true,predicted_improvement_below_threshold,0.06666666666666667,true,true,false,false,false,true
client_001_kyiv_mall,nbeatsx_official_global_panel_horizon_calibrated_v1,2026-04-15T23:00:00.000000,client_001_kyiv_mall|nbeatsx_official_global_panel_horizon_calibrated_v1|2026-04-15T23:00:00|strict_reference|3,3,strict_reference,66.54998330318722,2841.6787170397383,client_001_kyiv_mall|nbeatsx_official_global_panel_horizon_calibrated_v1|2026-04-15T23:00:00|schedule_value_learner_v2_plus|1,346.5565112564659,2561.6721890864596,-280.0065279532787,280.0065279532787,-65.48355506468215,65.48355506468215,false,selected_predicted_regret_improvement,0.34444444444444444,true,true,false,false,false,true
client_001_kyiv_mall,nbeatsx_official_global_panel_horizon_calibrated_v1,2026-04-16T23:00:00.000000,client_001_kyiv_mall|nbeatsx_official_global_panel_horizon_calibrated_v1|2026-04-16T23:00:00|schedule_value_learner_v2_plus|1,1,schedule_value_learner_v2_plus,82.24154405544823,3803.773007651716,client_001_kyiv_mall|nbeatsx_official_global_panel_horizon_calibrated_v1|2026-04-16T23:00:00|schedule_value_learner_v2_plus|1,82.24154405544823,3803.773007651716,0.0,0.0,0.0,-0.0,true,predicted_improvement_below_threshold,0.06666666666666667,true,true,false,false,false,true
client_001_kyiv_mall,nbeatsx_official_global_panel_horizon_calibrated_v1,2026-04-17T23:00:00.000000,client_001_kyiv_mall|nbeatsx_official_global_panel_horizon_calibrated_v1|2026-04-17T23:00:00|schedule_value_learner_v2_plus|1,1,schedule_value_learner_v2_plus,72.56640265480519,3551.904226563482,client_001_kyiv_mall|nbeatsx_official_global_panel_horizon_calibrated_v1|2026-04-17T23:00:00|schedule_value_learner_v2_plus|1,72.56640265480519,3551.904226563482,0.0,0.0,0.0,-0.0,true,predicted_improvement_below_threshold,0.06666666666666667,true,true,false,false,false,true
client_001_kyiv_mall,nbeatsx_official_global_panel_horizon_calibrated_v1,2026-04-18T23:00:00.000000,client_001_kyiv_mall|nbeatsx_official_global_panel_horizon_calibrated_v1|2026-04-18T23:00:00|schedule_value_learner_v2_plus|1,1,schedule_value_learner_v2_plus,47.26488321409715,3021.0798025539716,client_001_kyiv_mall|nbeatsx_official_global_panel_horizon_calibrated_v1|2026-04-18T23:00:00|schedule_value_learner_v2_plus|1,47.26488321409715,3021.0798025539716,0.0,0.0,0.0,-0.0,true,predicted_improvement_below_threshold,0.06666666666666667,true,true,false,false,false,true
client_001_kyiv_mall,nbeatsx_official_global_panel_horizon_calibrated_v1,2026-04-19T23:00:00.000000,client_001_kyiv_mall|nbeatsx_official_global_panel_horizon_calibrated_v1|2026-04-19T23:00:00|schedule_value_learner_v2_plus|1,1,schedule_value_learner_v2_plus,262.5221559476536,2947.5883211476826,client_001_kyiv_mall|nbeatsx_official_global_panel_horizon_calibrated_v1|2026-04-19T23:00:00|schedule_value_learner_v2_plus|1,262.5221559476536,2947.5883211476826,0.0,0.0,0.0,-0.0,true,predicted_improvement_below_threshold,0.06666666666666667,true,true,false,false,false,true
client_001_kyiv_mall,nbeatsx_official_global_panel_horizon_calibrated_v1,2026-04-20T23:00:00.000000,client_001_kyiv_mall|nbeatsx_official_global_panel_horizon_calibrated_v1|2026-04-20T23:00:00|schedule_value_learner_v2_plus|1,1,schedule_value_learner_v2_plus,43.825162337188885,3733.9138597483684,client_001_kyiv_mall|nbeatsx_official_global_panel_horizon_calibrated_v1|2026-04-20T23:00:00|schedule_value_learner_v2_plus|1,43.825162337188885,3733.9138597483684,0.0,0.0,0.0,-0.0,true,predicted_improvement_below_threshold,0.34444444444444444,true,true,false,false,false,true
client_001_kyiv_mall,nbeatsx_official_global_panel_horizon_calibrated_v1,2026-04-21T23:00:00.000000,client_001_kyiv_mall|nbeatsx_official_global_panel_horizon_calibrated_v1|2026-04-21T23:00:00|schedule_value_learner_v2_plus|1,1,schedule_value_learner_v2_plus,127.91172769525474,3622.481581760841,client_001_kyiv_mall|nbeatsx_official_global_panel_horizon_calibrated_v1|2026-04-21T23:00:00|schedule_value_learner_v2_plus|1,127.91172769525474,3622.481581760841,0.0,0.0,0.0,-0.0,true,predicted_improvement_below_threshold,0.06666666666666667,true,true,false,false,false,true
client_001_kyiv_mall,nbeatsx_official_global_panel_horizon_calibrated_v1,2026-04-22T23:00:00.000000,client_001_kyiv_mall|nbeatsx_official_global_panel_horizon_calibrated_v1|2026-04-22T23:00:00|schedule_value_learner_v2_plus|1,1,schedule_value_learner_v2_plus,75.06213842680609,3982.115909245789,client_001_kyiv_mall|nbeatsx_official_global_panel_horizon_calibrated_v1|2026-04-22T23:00:00|schedule_value_learner_v2_plus|1,75.06213842680609,3982.115909245789,0.0,0.0,0.0,-0.0,true,predicted_improvement_below_threshold,0.06666666666666667,true,true,false,false,false,true
client_001_kyiv_mall,nbeatsx_official_global_panel_horizon_calibrated_v1,2026-04-23T23:00:00.000000,client_001_kyiv_mall|nbeatsx_official_global_panel_horizon_calibrated_v1|2026-04-23T23:00:00|schedule_value_learner_v2_plus|1,1,schedule_value_learner_v2_plus,25.21816584537555,3911.3007730406066,client_001_kyiv_mall|nbeatsx_official_global_panel_horizon_calibrated_v1|2026-04-23T23:00:00|schedule_value_learner_v2_plus|1,25.21816584537555,3911.3007730406066,0.0,0.0,0.0,-0.0,true,predicted_improvement_below_threshold,0.06666666666666667,true,true,false,false,false,true
client_001_kyiv_mall,nbeatsx_official_global_panel_horizon_calibrated_v1,2026-04-24T23:00:00.000000,client_001_kyiv_mall|nbeatsx_official_global_panel_horizon_calibrated_v1|2026-04-24T23:00:00|schedule_value_learner_v2_plus|1,1,schedule_value_learner_v2_plus,1.3354336107163363,3791.3369392979453,client_001_kyiv_mall|nbeatsx_official_global_panel_horizon_calibrated_v1|2026-04-24T23:00:00|schedule_value_learner_v2_plus|1,1.3354336107163363,3791.3369392979453,0.0,0.0,0.0,-0.0,true,predicted_improvement_below_threshold,0.06666666666666667,true,true,false,false,false,true
client_001_kyiv_mall,nbeatsx_official_global_panel_horizon_calibrated_v1,2026-04-25T23:00:00.000000,client_001_kyiv_mall|nbeatsx_official_global_panel_horizon_calibrated_v1|2026-04-25T23:00:00|schedule_value_learner_v2_plus|1,1,schedule_value_learner_v2_plus,1083.0008262783144,2983.0528914616475,client_001_kyiv_mall|nbeatsx_official_global_panel_horizon_calibrated_v1|2026-04-25T23:00:00|schedule_value_learner_v2_plus|1,1083.0008262783144,2983.0528914616475,0.0,0.0,0.0,-0.0,true,predicted_improvement_below_threshold,0.06666666666666667,true,true,false,false,false,true
client_001_kyiv_mall,nbeatsx_official_global_panel_horizon_calibrated_v1,2026-04-26T23:00:00.000000,client_001_kyiv_mall|nbeatsx_official_global_panel_horizon_calibrated_v1|2026-04-26T23:00:00|schedule_value_learner_v2_plus|1,1,schedule_value_learner_v2_plus,43.44833285743789,3919.410810943712,client_001_kyiv_mall|nbeatsx_official_global_panel_horizon_calibrated_v1|2026-04-26T23:00:00|schedule_value_learner_v2_plus|1,43.44833285743789,3919.410810943712,0.0,0.0,0.0,-0.0,true,predicted_improvement_below_threshold,0.06666666666666667,true,true,false,false,false,true
client_001_kyiv_mall,nbeatsx_official_global_panel_horizon_calibrated_v1,2026-04-27T23:00:00.000000,client_001_kyiv_mall|nbeatsx_official_global_panel_horizon_calibrated_v1|2026-04-27T23:00:00|schedule_value_learner_v2_plus|1,1,schedule_value_learner_v2_plus,9.22316379358972,3953.022338163372,client_001_kyiv_mall|nbeatsx_official_global_panel_horizon_calibrated_v1|2026-04-27T23:00:00|schedule_value_learner_v2_plus|1,9.22316379358972,3953.022338163372,0.0,0.0,0.0,-0.0,true,predicted_improvement_below_threshold,0.06666666666666667,true,true,false,false,false,true
client_001_kyiv_mall,nbeatsx_official_global_panel_horizon_calibrated_v1,2026-04-28T23:00:00.000000,client_001_kyiv_mall|nbeatsx_official_global_panel_horizon_calibrated_v1|2026-04-28T23:00:00|schedule_value_learner_v2_plus|1,1,schedule_value_learner_v2_plus,0.12272654000753391,3834.2623442780896,client_001_kyiv_mall|nbeatsx_official_global_panel_horizon_calibrated_v1|2026-04-28T23:00:00|schedule_value_learner_v2_plus|1,0.12272654000753391,3834.2623442780896,0.0,0.0,0.0,-0.0,true,predicted_improvement_below_threshold,0.06666666666666667,true,true,false,false,false,true
client_001_kyiv_mall,nbeatsx_official_global_panel_horizon_calibrated_v1,2026-04-29T23:00:00.000000,client_001_kyiv_mall|nbeatsx_official_global_panel_horizon_calibrated_v1|2026-04-29T23:00:00|schedule_value_learner_v2_plus|1,1,schedule_value_learner_v2_plus,545.2656409330511,3888.0128155738666,client_001_kyiv_mall|nbeatsx_official_global_panel_horizon_calibrated_v1|2026-04-29T23:00:00|schedule_value_learner_v2_plus|1,545.2656409330511,3888.0128155738666,0.0,0.0,0.0,-0.0,true,predicted_improvement_below_threshold,0.06666666666666667,true,true,false,false,false,true
client_002_lviv_office,nbeatsx_official_global_panel_horizon_calibrated_v1,2026-04-12T23:00:00.000000,client_002_lviv_office|nbeatsx_official_global_panel_horizon_calibrated_v1|2026-04-12T23:00:00|schedule_value_learner_v2_plus|1,1,schedule_value_learner_v2_plus,17.51100947479722,1356.20793967422,client_002_lviv_office|nbeatsx_official_global_panel_horizon_calibrated_v1|2026-04-12T23:00:00|schedule_value_learner_v2_plus|1,17.51100947479722,1356.20793967422,0.0,0.0,0.0,-0.0,true,predicted_improvement_below_threshold,0.06666666666666667,true,true,false,false,false,true
client_002_lviv_office,nbeatsx_official_global_panel_horizon_calibrated_v1,2026-04-13T23:00:00.000000,client_002_lviv_office|nbeatsx_official_global_panel_horizon_calibrated_v1|2026-04-13T23:00:00|schedule_value_learner_v2_plus|1,1,schedule_value_learner_v2_plus,120.07644531465962,1600.740129154866,client_002_lviv_office|nbeatsx_official_global_panel_horizon_calibrated_v1|2026-04-13T23:00:00|schedule_value_learner_v2_plus|1,120.07644531465962,1600.740129154866,0.0,0.0,0.0,-0.0,true,predicted_improvement_below_threshold,0.06666666666666667,true,true,false,false,false,true
client_002_lviv_office,nbeatsx_official_global_panel_horizon_calibrated_v1,2026-04-14T23:00:00.000000,client_002_lviv_office|nbeatsx_official_global_panel_horizon_calibrated_v1|2026-04-14T23:00:00|schedule_value_learner_v2_plus|1,1,schedule_value_learner_v2_plus,38.685750883148785,1690.935202931851,client_002_lviv_office|nbeatsx_official_global_panel_horizon_calibrated_v1|2026-04-14T23:00:00|schedule_value_learner_v2_plus|1,38.685750883148785,1690.935202931851,0.0,0.0,0.0,-0.0,true,predicted_improvement_below_threshold,0.06666666666666667,true,true,false,false,false,true
client_002_lviv_office,nbeatsx_official_global_panel_horizon_calibrated_v1,2026-04-15T23:00:00.000000,client_002_lviv_office|nbeatsx_official_global_panel_horizon_calibrated_v1|2026-04-15T23:00:00|strict_reference|3,3,strict_reference,34.76746100066907,1355.9435690310536,client_002_lviv_office|nbeatsx_official_global_panel_horizon_calibrated_v1|2026-04-15T23:00:00|schedule_value_learner_v2_plus|1,194.34230740456337,1196.3687226271593,-159.5748464038943,159.5748464038943,-71.91307583147862,71.91307583147862,false,selected_predicted_regret_improvement,0.34444444444444444,true,true,false,false,false,true
client_002_lviv_office,nbeatsx_official_global_panel_horizon_calibrated_v1,2026-04-16T23:00:00.000000,client_002_lviv_office|nbeatsx_official_global_panel_horizon_calibrated_v1|2026-04-16T23:00:00|schedule_value_learner_v2_plus|1,1,schedule_value_learner_v2_plus,11.011933666309233,1835.2388040825256,client_002_lviv_office|nbeatsx_official_global_panel_horizon_calibrated_v1|2026-04-16T23:00:00|schedule_value_learner_v2_plus|1,11.011933666309233,1835.2388040825256,0.0,0.0,0.0,-0.0,true,predicted_improvement_below_threshold,0.34444444444444444,true,true,false,false,false,true
client_002_lviv_office,nbeatsx_official_global_panel_horizon_calibrated_v1,2026-04-17T23:00:00.000000,client_002_lviv_office|nbeatsx_official_global_panel_horizon_calibrated_v1|2026-04-17T23:00:00|schedule_value_learner_v2_plus|1,1,schedule_value_learner_v2_plus,56.705517127802295,1672.300147261581,client_002_lviv_office|nbeatsx_official_global_panel_horizon_calibrated_v1|2026-04-17T23:00:00|schedule_value_learner_v2_plus|1,56.705517127802295,1672.300147261581,0.0,0.0,0.0,-0.0,true,predicted_improvement_below_threshold,0.06666666666666667,true,true,false,false,false,true
client_002_lviv_office,nbeatsx_official_global_panel_horizon_calibrated_v1,2026-04-18T23:00:00.000000,client_002_lviv_office|nbeatsx_official_global_panel_horizon_calibrated_v1|2026-04-18T23:00:00|schedule_value_learner_v2_plus|1,1,schedule_value_learner_v2_plus,77.56982826686112,1402.0787721337897,client_002_lviv_office|nbeatsx_official_global_panel_horizon_calibrated_v1|2026-04-18T23:00:00|schedule_value_learner_v2_plus|1,77.56982826686112,1402.0787721337897,0.0,0.0,0.0,-0.0,true,predicted_improvement_below_threshold,0.06666666666666667,true,true,false,false,false,true
client_002_lviv_office,nbeatsx_official_global_panel_horizon_calibrated_v1,2026-04-19T23:00:00.000000,client_002_lviv_office|nbeatsx_official_global_panel_horizon_calibrated_v1|2026-04-19T23:00:00|schedule_value_learner_v2_plus|1,1,schedule_value_learner_v2_plus,212.930359850694,1321.960168424263,client_002_lviv_office|nbeatsx_official_global_panel_horizon_calibrated_v1|2026-04-19T23:00:00|schedule_value_learner_v2_plus|1,212.930359850694,1321.960168424263,0.0,0.0,0.0,-0.0,true,predicted_improvement_below_threshold,0.06666666666666667,true,true,false,false,false,true
client_002_lviv_office,nbeatsx_official_global_panel_horizon_calibrated_v1,2026-04-20T23:00:00.000000,client_002_lviv_office|nbeatsx_official_global_panel_horizon_calibrated_v1|2026-04-20T23:00:00|schedule_value_learner_v2_plus|1,1,schedule_value_learner_v2_plus,18.431100919434357,1775.0360339393524,client_002_lviv_office|nbeatsx_official_global_panel_horizon_calibrated_v1|2026-04-20T23:00:00|schedule_value_learner_v2_plus|1,18.431100919434357,1775.0360339393524,0.0,0.0,0.0,-0.0,true,predicted_improvement_below_threshold,0.34444444444444444,true,true,false,false,false,true
client_002_lviv_office,nbeatsx_official_global_panel_horizon_calibrated_v1,2026-04-21T23:00:00.000000,client_002_lviv_office|nbeatsx_official_global_panel_horizon_calibrated_v1|2026-04-21T23:00:00|schedule_value_learner_v2_plus|1,1,schedule_value_learner_v2_plus,10.93764168809048,1778.7342480070201,client_002_lviv_office|nbeatsx_official_global_panel_horizon_calibrated_v1|2026-04-21T23:00:00|schedule_value_learner_v2_plus|1,10.93764168809048,1778.7342480070201,0.0,0.0,0.0,-0.0,true,predicted_improvement_below_threshold,0.06666666666666667,true,true,false,false,false,true
client_002_lviv_office,nbeatsx_official_global_panel_horizon_calibrated_v1,2026-04-22T23:00:00.000000,client_002_lviv_office|nbeatsx_official_global_panel_horizon_calibrated_v1|2026-04-22T23:00:00|schedule_value_learner_v2_plus|1,1,schedule_value_learner_v2_plus,35.9319078155595,1890.7538174087758,client_002_lviv_office|nbeatsx_official_global_panel_horizon_calibrated_v1|2026-04-22T23:00:00|schedule_value_learner_v2_plus|1,35.9319078155595,1890.7538174087758,0.0,0.0,0.0,-0.0,true,predicted_improvement_below_threshold,0.06666666666666667,true,true,false,false,false,true
client_002_lviv_office,nbeatsx_official_global_panel_horizon_calibrated_v1,2026-04-23T23:00:00.000000,client_002_lviv_office|nbeatsx_official_global_panel_horizon_calibrated_v1|2026-04-23T23:00:00|schedule_value_learner_v2_plus|1,1,schedule_value_learner_v2_plus,11.5379190713777,1867.8964213187498,client_002_lviv_office|nbeatsx_official_global_panel_horizon_calibrated_v1|2026-04-23T23:00:00|schedule_value_learner_v2_plus|1,11.5379190713777,1867.8964213187498,0.0,0.0,0.0,-0.0,true,predicted_improvement_below_threshold,0.06666666666666667,true,true,false,false,false,true
client_002_lviv_office,nbeatsx_official_global_panel_horizon_calibrated_v1,2026-04-24T23:00:00.000000,client_002_lviv_office|nbeatsx_official_global_panel_horizon_calibrated_v1|2026-04-24T23:00:00|schedule_value_learner_v2_plus|1,1,schedule_value_learner_v2_plus,0.6180969226265915,1805.1532340939605,client_002_lviv_office|nbeatsx_official_global_panel_horizon_calibrated_v1|2026-04-24T23:00:00|schedule_value_learner_v2_plus|1,0.6180969226265915,1805.1532340939605,0.0,0.0,0.0,-0.0,true,predicted_improvement_below_threshold,0.06666666666666667,true,true,false,false,false,true
client_002_lviv_office,nbeatsx_official_global_panel_horizon_calibrated_v1,2026-04-25T23:00:00.000000,client_002_lviv_office|nbeatsx_official_global_panel_horizon_calibrated_v1|2026-04-25T23:00:00|schedule_value_learner_v2_plus|1,1,schedule_value_learner_v2_plus,517.4099563600082,1424.9892557571245,client_002_lviv_office|nbeatsx_official_global_panel_horizon_calibrated_v1|2026-04-25T23:00:00|schedule_value_learner_v2_plus|1,517.4099563600082,1424.9892557571245,0.0,0.0,0.0,-0.0,true,predicted_improvement_below_threshold,0.06666666666666667,true,true,false,false,false,true
client_002_lviv_office,nbeatsx_official_global_panel_horizon_calibrated_v1,2026-04-26T23:00:00.000000,client_002_lviv_office|nbeatsx_official_global_panel_horizon_calibrated_v1|2026-04-26T23:00:00|schedule_value_learner_v2_plus|1,1,schedule_value_learner_v2_plus,0.0,1891.8851004720555,client_002_lviv_office|nbeatsx_official_global_panel_horizon_calibrated_v1|2026-04-26T23:00:00|schedule_value_learner_v2_plus|1,0.0,1891.8851004720555,0.0,0.0,0.0,-0.0,true,predicted_improvement_below_threshold,0.06666666666666667,true,true,false,false,false,true
client_002_lviv_office,nbeatsx_official_global_panel_horizon_calibrated_v1,2026-04-27T23:00:00.000000,client_002_lviv_office|nbeatsx_official_global_panel_horizon_calibrated_v1|2026-04-27T23:00:00|schedule_value_learner_v2_plus|1,1,schedule_value_learner_v2_plus,169.4149900100076,1722.212646719563,client_002_lviv_office|nbeatsx_official_global_panel_horizon_calibrated_v1|2026-04-27T23:00:00|schedule_value_learner_v2_plus|1,169.4149900100076,1722.212646719563,0.0,0.0,0.0,-0.0,true,predicted_improvement_below_threshold,0.06666666666666667,true,true,false,false,false,true
client_002_lviv_office,nbeatsx_official_global_panel_horizon_calibrated_v1,2026-04-28T23:00:00.000000,client_002_lviv_office|nbeatsx_official_global_panel_horizon_calibrated_v1|2026-04-28T23:00:00|schedule_value_learner_v2_plus|1,1,schedule_value_learner_v2_plus,0.05149506592533726,1829.9794479080024,client_002_lviv_office|nbeatsx_official_global_panel_horizon_calibrated_v1|2026-04-28T23:00:00|schedule_value_learner_v2_plus|1,0.05149506592533726,1829.9794479080024,0.0,0.0,0.0,-0.0,true,predicted_improvement_below_threshold,0.06666666666666667,true,true,false,false,false,true
client_002_lviv_office,nbeatsx_official_global_panel_horizon_calibrated_v1,2026-04-29T23:00:00.000000,client_002_lviv_office|nbeatsx_official_global_panel_horizon_calibrated_v1|2026-04-29T23:00:00|schedule_value_learner_v2_plus|1,1,schedule_value_learner_v2_plus,267.53849267728765,1855.3733720728342,client_002_lviv_office|nbeatsx_official_global_panel_horizon_calibrated_v1|2026-04-29T23:00:00|schedule_value_learner_v2_plus|1,267.53849267728765,1855.3733720728342,0.0,0.0,0.0,-0.0,true,predicted_improvement_below_threshold,0.06666666666666667,true,true,false,false,false,true
client_003_dnipro_factory,nbeatsx_official_global_panel_horizon_calibrated_v1,2026-04-12T23:00:00.000000,client_003_dnipro_factory|nbeatsx_official_global_panel_horizon_calibrated_v1|2026-04-12T23:00:00|schedule_value_learner_v2_plus|1,1,schedule_value_learner_v2_plus,25.02530600263981,5079.524051223447,client_003_dnipro_factory|nbeatsx_official_global_panel_horizon_calibrated_v1|2026-04-12T23:00:00|schedule_value_learner_v2_plus|1,25.02530600263981,5079.524051223447,0.0,0.0,0.0,-0.0,true,predicted_improvement_below_threshold,0.06666666666666667,true,true,false,false,false,true
client_003_dnipro_factory,nbeatsx_official_global_panel_horizon_calibrated_v1,2026-04-13T23:00:00.000000,client_003_dnipro_factory|nbeatsx_official_global_panel_horizon_calibrated_v1|2026-04-13T23:00:00|schedule_value_learner_v2_plus|1,1,schedule_value_learner_v2_plus,355.35594672989555,6013.5084256391365,client_003_dnipro_factory|nbeatsx_official_global_panel_horizon_calibrated_v1|2026-04-13T23:00:00|schedule_value_learner_v2_plus|1,355.35594672989555,6013.5084256391365,0.0,0.0,0.0,-0.0,true,predicted_improvement_below_threshold,0.06666666666666667,true,true,false,false,false,true
client_003_dnipro_factory,nbeatsx_official_global_panel_horizon_calibrated_v1,2026-04-14T23:00:00.000000,client_003_dnipro_factory|nbeatsx_official_global_panel_horizon_calibrated_v1|2026-04-14T23:00:00|schedule_value_learner_v2_plus|1,1,schedule_value_learner_v2_plus,637.7759541754331,5758.208238353891,client_003_dnipro_factory|nbeatsx_official_global_panel_horizon_calibrated_v1|2026-04-14T23:00:00|schedule_value_learner_v2_plus|1,637.7759541754331,5758.208238353891,0.0,0.0,0.0,-0.0,true,predicted_improvement_below_threshold,0.06666666666666667,true,true,false,false,false,true
client_003_dnipro_factory,nbeatsx_official_global_panel_horizon_calibrated_v1,2026-04-15T23:00:00.000000,client_003_dnipro_factory|nbeatsx_official_global_panel_horizon_calibrated_v1|2026-04-15T23:00:00|schedule_value_learner_v2_plus|1,1,schedule_value_learner_v2_plus,118.83863673503492,5016.322185023291,client_003_dnipro_factory|nbeatsx_official_global_panel_horizon_calibrated_v1|2026-04-15T23:00:00|schedule_value_learner_v2_plus|1,118.83863673503492,5016.322185023291,0.0,0.0,0.0,-0.0,true,predicted_improvement_below_threshold,0.06666666666666667,true,true,false,false,false,true
client_003_dnipro_factory,nbeatsx_official_global_panel_horizon_calibrated_v1,2026-04-16T23:00:00.000000,client_003_dnipro_factory|nbeatsx_official_global_panel_horizon_calibrated_v1|2026-04-16T23:00:00|schedule_value_learner_v2_plus|1,1,schedule_value_learner_v2_plus,141.50436193662244,6747.32427870244,client_003_dnipro_factory|nbeatsx_official_global_panel_horizon_calibrated_v1|2026-04-16T23:00:00|schedule_value_learner_v2_plus|1,141.50436193662244,6747.32427870244,0.0,0.0,0.0,-0.0,true,predicted_improvement_below_threshold,0.34444444444444444,true,true,false,false,false,true
client_003_dnipro_factory,nbeatsx_official_global_panel_horizon_calibrated_v1,2026-04-17T23:00:00.000000,client_003_dnipro_factory|nbeatsx_official_global_panel_horizon_calibrated_v1|2026-04-17T23:00:00|schedule_value_learner_v2_plus|1,1,schedule_value_learner_v2_plus,125.67544419147634,6295.816869314818,client_003_dnipro_factory|nbeatsx_official_global_panel_horizon_calibrated_v1|2026-04-17T23:00:00|schedule_value_learner_v2_plus|1,125.67544419147634,6295.816869314818,0.0,0.0,0.0,-0.0,true,predicted_improvement_below_threshold,0.06666666666666667,true,true,false,false,false,true
client_003_dnipro_factory,nbeatsx_official_global_panel_horizon_calibrated_v1,2026-04-18T23:00:00.000000,client_003_dnipro_factory|nbeatsx_official_global_panel_horizon_calibrated_v1|2026-04-18T23:00:00|schedule_value_learner_v2_plus|1,1,schedule_value_learner_v2_plus,80.99654531260967,5349.149813865559,client_003_dnipro_factory|nbeatsx_official_global_panel_horizon_calibrated_v1|2026-04-18T23:00:00|schedule_value_learner_v2_plus|1,80.99654531260967,5349.149813865559,0.0,0.0,0.0,-0.0,true,predicted_improvement_below_threshold,0.06666666666666667,true,true,false,false,false,true
client_003_dnipro_factory,nbeatsx_official_global_panel_horizon_calibrated_v1,2026-04-19T23:00:00.000000,client_003_dnipro_factory|nbeatsx_official_global_panel_horizon_calibrated_v1|2026-04-19T23:00:00|schedule_value_learner_v2_plus|1,1,schedule_value_learner_v2_plus,280.55614299118133,5393.679282265187,client_003_dnipro_factory|nbeatsx_official_global_panel_horizon_calibrated_v1|2026-04-19T23:00:00|schedule_value_learner_v2_plus|1,280.55614299118133,5393.679282265187,0.0,0.0,0.0,-0.0,true,predicted_improvement_below_threshold,0.06666666666666667,true,true,false,false,false,true
client_003_dnipro_factory,nbeatsx_official_global_panel_horizon_calibrated_v1,2026-04-20T23:00:00.000000,client_003_dnipro_factory|nbeatsx_official_global_panel_horizon_calibrated_v1|2026-04-20T23:00:00|schedule_value_learner_v2_plus|1,1,schedule_value_learner_v2_plus,78.25921565680892,6615.1351145883655,client_003_dnipro_factory|nbeatsx_official_global_panel_horizon_calibrated_v1|2026-04-20T23:00:00|schedule_value_learner_v2_plus|1,78.25921565680892,6615.1351145883655,0.0,0.0,0.0,-0.0,true,predicted_improvement_below_threshold,0.34444444444444444,true,true,false,false,false,true
client_003_dnipro_factory,nbeatsx_official_global_panel_horizon_calibrated_v1,2026-04-21T23:00:00.000000,client_003_dnipro_factory|nbeatsx_official_global_panel_horizon_calibrated_v1|2026-04-21T23:00:00|schedule_value_learner_v2_plus|1,1,schedule_value_learner_v2_plus,24.272492969674204,6614.753704635069,client_003_dnipro_factory|nbeatsx_official_global_panel_horizon_calibrated_v1|2026-04-21T23:00:00|schedule_value_learner_v2_plus|1,24.272492969674204,6614.753704635069,0.0,0.0,0.0,-0.0,true,predicted_improvement_below_threshold,0.06666666666666667,true,true,false,false,false,true
client_003_dnipro_factory,nbeatsx_official_global_panel_horizon_calibrated_v1,2026-04-22T23:00:00.000000,client_003_dnipro_factory|nbeatsx_official_global_panel_horizon_calibrated_v1|2026-04-22T23:00:00|schedule_value_learner_v2_plus|1,1,schedule_value_learner_v2_plus,118.91766309296963,7077.645218569756,client_003_dnipro_factory|nbeatsx_official_global_panel_horizon_calibrated_v1|2026-04-22T23:00:00|schedule_value_learner_v2_plus|1,118.91766309296963,7077.645218569756,0.0,0.0,0.0,-0.0,true,predicted_improvement_below_threshold,0.06666666666666667,true,true,false,false,false,true
client_003_dnipro_factory,nbeatsx_official_global_panel_horizon_calibrated_v1,2026-04-23T23:00:00.000000,client_003_dnipro_factory|nbeatsx_official_global_panel_horizon_calibrated_v1|2026-04-23T23:00:00|schedule_value_learner_v2_plus|1,1,schedule_value_learner_v2_plus,39.71517856434275,6931.678220213295,client_003_dnipro_factory|nbeatsx_official_global_panel_horizon_calibrated_v1|2026-04-23T23:00:00|schedule_value_learner_v2_plus|1,39.71517856434275,6931.678220213295,0.0,0.0,0.0,-0.0,true,predicted_improvement_below_threshold,0.06666666666666667,true,true,false,false,false,true
client_003_dnipro_factory,nbeatsx_official_global_panel_horizon_calibrated_v1,2026-04-24T23:00:00.000000,client_003_dnipro_factory|nbeatsx_official_global_panel_horizon_calibrated_v1|2026-04-24T23:00:00|schedule_value_learner_v2_plus|1,1,schedule_value_learner_v2_plus,2.3847035111675723,6724.6089832191865,client_003_dnipro_factory|nbeatsx_official_global_panel_horizon_calibrated_v1|2026-04-24T23:00:00|schedule_value_learner_v2_plus|1,2.3847035111675723,6724.6089832191865,0.0,0.0,0.0,-0.0,true,predicted_improvement_below_threshold,0.06666666666666667,true,true,false,false,false,true
client_003_dnipro_factory,nbeatsx_official_global_panel_horizon_calibrated_v1,2026-04-25T23:00:00.000000,client_003_dnipro_factory|nbeatsx_official_global_panel_horizon_calibrated_v1|2026-04-25T23:00:00|schedule_value_learner_v2_plus|1,1,schedule_value_learner_v2_plus,1924.4637141560888,5290.7109477296335,client_003_dnipro_factory|nbeatsx_official_global_panel_horizon_calibrated_v1|2026-04-25T23:00:00|schedule_value_learner_v2_plus|1,1924.4637141560888,5290.7109477296335,0.0,0.0,0.0,-0.0,true,predicted_improvement_below_threshold,0.06666666666666667,true,true,false,false,false,true
client_003_dnipro_factory,nbeatsx_official_global_panel_horizon_calibrated_v1,2026-04-26T23:00:00.000000,client_003_dnipro_factory|nbeatsx_official_global_panel_horizon_calibrated_v1|2026-04-26T23:00:00|schedule_value_learner_v2_plus|1,1,schedule_value_learner_v2_plus,71.23202906509869,6947.197446234725,client_003_dnipro_factory|nbeatsx_official_global_panel_horizon_calibrated_v1|2026-04-26T23:00:00|schedule_value_learner_v2_plus|1,71.23202906509869,6947.197446234725,0.0,0.0,0.0,-0.0,true,predicted_improvement_below_threshold,0.06666666666666667,true,true,false,false,false,true
client_003_dnipro_factory,nbeatsx_official_global_panel_horizon_calibrated_v1,2026-04-27T23:00:00.000000,client_003_dnipro_factory|nbeatsx_official_global_panel_horizon_calibrated_v1|2026-04-27T23:00:00|schedule_value_learner_v2_plus|1,1,schedule_value_learner_v2_plus,211.35815415880825,6805.975533690827,client_003_dnipro_factory|nbeatsx_official_global_panel_horizon_calibrated_v1|2026-04-27T23:00:00|schedule_value_learner_v2_plus|1,211.35815415880825,6805.975533690827,0.0,0.0,0.0,-0.0,true,predicted_improvement_below_threshold,0.06666666666666667,true,true,false,false,false,true
client_003_dnipro_factory,nbeatsx_official_global_panel_horizon_calibrated_v1,2026-04-28T23:00:00.000000,client_003_dnipro_factory|nbeatsx_official_global_panel_horizon_calibrated_v1|2026-04-28T23:00:00|schedule_value_learner_v2_plus|1,1,schedule_value_learner_v2_plus,19.72664206076297,6769.2848425444045,client_003_dnipro_factory|nbeatsx_official_global_panel_horizon_calibrated_v1|2026-04-28T23:00:00|schedule_value_learner_v2_plus|1,19.72664206076297,6769.2848425444045,0.0,0.0,0.0,-0.0,true,predicted_improvement_below_threshold,0.06666666666666667,true,true,false,false,false,true
client_003_dnipro_factory,nbeatsx_official_global_panel_horizon_calibrated_v1,2026-04-29T23:00:00.000000,client_003_dnipro_factory|nbeatsx_official_global_panel_horizon_calibrated_v1|2026-04-29T23:00:00|schedule_value_learner_v2_plus|1,1,schedule_value_learner_v2_plus,989.7362145745237,6885.033626404756,client_003_dnipro_factory|nbeatsx_official_global_panel_horizon_calibrated_v1|2026-04-29T23:00:00|schedule_value_learner_v2_plus|1,989.7362145745237,6885.033626404756,0.0,0.0,0.0,-0.0,true,predicted_improvement_below_threshold,0.06666666666666667,true,true,false,false,false,true
client_004_kharkiv_hospital,nbeatsx_official_global_panel_horizon_calibrated_v1,2026-04-12T23:00:00.000000,client_004_kharkiv_hospital|nbeatsx_official_global_panel_horizon_calibrated_v1|2026-04-12T23:00:00|schedule_value_learner_v2_plus|1,1,schedule_value_learner_v2_plus,27.04134843407337,4152.3640246827845,client_004_kharkiv_hospital|nbeatsx_official_global_panel_horizon_calibrated_v1|2026-04-12T23:00:00|schedule_value_learner_v2_plus|1,27.04134843407337,4152.3640246827845,0.0,0.0,0.0,-0.0,true,predicted_improvement_below_threshold,0.06666666666666667,true,true,false,false,false,true
client_004_kharkiv_hospital,nbeatsx_official_global_panel_horizon_calibrated_v1,2026-04-13T23:00:00.000000,client_004_kharkiv_hospital|nbeatsx_official_global_panel_horizon_calibrated_v1|2026-04-13T23:00:00|schedule_value_learner_v2_plus|1,1,schedule_value_learner_v2_plus,315.21210370584686,4897.1253287588,client_004_kharkiv_hospital|nbeatsx_official_global_panel_horizon_calibrated_v1|2026-04-13T23:00:00|schedule_value_learner_v2_plus|1,315.21210370584686,4897.1253287588,0.0,0.0,0.0,-0.0,true,predicted_improvement_below_threshold,0.06666666666666667,true,true,false,false,false,true
client_004_kharkiv_hospital,nbeatsx_official_global_panel_horizon_calibrated_v1,2026-04-14T23:00:00.000000,client_004_kharkiv_hospital|nbeatsx_official_global_panel_horizon_calibrated_v1|2026-04-14T23:00:00|schedule_value_learner_v2_plus|1,1,schedule_value_learner_v2_plus,61.362061397361686,5185.163784237039,client_004_kharkiv_hospital|nbeatsx_official_global_panel_horizon_calibrated_v1|2026-04-14T23:00:00|schedule_value_learner_v2_plus|1,61.362061397361686,5185.163784237039,0.0,0.0,0.0,-0.0,true,predicted_improvement_below_threshold,0.06666666666666667,true,true,false,false,false,true
client_004_kharkiv_hospital,nbeatsx_official_global_panel_horizon_calibrated_v1,2026-04-15T23:00:00.000000,client_004_kharkiv_hospital|nbeatsx_official_global_panel_horizon_calibrated_v1|2026-04-15T23:00:00|strict_reference|3,3,strict_reference,93.77766929826066,4200.629034311061,client_004_kharkiv_hospital|nbeatsx_official_global_panel_horizon_calibrated_v1|2026-04-15T23:00:00|schedule_value_learner_v2_plus|1,93.77766929826066,4200.629034311061,0.0,0.0,-33.97539437832427,33.97539437832427,false,selected_predicted_regret_improvement,0.34444444444444444,true,true,false,false,false,true
client_004_kharkiv_hospital,nbeatsx_official_global_panel_horizon_calibrated_v1,2026-04-16T23:00:00.000000,client_004_kharkiv_hospital|nbeatsx_official_global_panel_horizon_calibrated_v1|2026-04-16T23:00:00|schedule_value_learner_v2_plus|1,1,schedule_value_learner_v2_plus,99.07870656681007,5461.700254872157,client_004_kharkiv_hospital|nbeatsx_official_global_panel_horizon_calibrated_v1|2026-04-16T23:00:00|schedule_value_learner_v2_plus|1,99.07870656681007,5461.700254872157,0.0,0.0,0.0,-0.0,true,predicted_improvement_below_threshold,0.06666666666666667,true,true,false,false,false,true
client_004_kharkiv_hospital,nbeatsx_official_global_panel_horizon_calibrated_v1,2026-04-17T23:00:00.000000,client_004_kharkiv_hospital|nbeatsx_official_global_panel_horizon_calibrated_v1|2026-04-17T23:00:00|schedule_value_learner_v2_plus|1,1,schedule_value_learner_v2_plus,160.12398170575216,5030.919823160218,client_004_kharkiv_hospital|nbeatsx_official_global_panel_horizon_calibrated_v1|2026-04-17T23:00:00|schedule_value_learner_v2_plus|1,160.12398170575216,5030.919823160218,0.0,0.0,0.0,-0.0,true,predicted_improvement_below_threshold,0.06666666666666667,true,true,false,false,false,true
client_004_kharkiv_hospital,nbeatsx_official_global_panel_horizon_calibrated_v1,2026-04-18T23:00:00.000000,client_004_kharkiv_hospital|nbeatsx_official_global_panel_horizon_calibrated_v1|2026-04-18T23:00:00|schedule_value_learner_v2_plus|1,1,schedule_value_learner_v2_plus,63.368516915093096,4388.638554652365,client_004_kharkiv_hospital|nbeatsx_official_global_panel_horizon_calibrated_v1|2026-04-18T23:00:00|schedule_value_learner_v2_plus|1,63.368516915093096,4388.638554652365,0.0,0.0,0.0,-0.0,true,predicted_improvement_below_threshold,0.06666666666666667,true,true,false,false,false,true
client_004_kharkiv_hospital,nbeatsx_official_global_panel_horizon_calibrated_v1,2026-04-19T23:00:00.000000,client_004_kharkiv_hospital|nbeatsx_official_global_panel_horizon_calibrated_v1|2026-04-19T23:00:00|schedule_value_learner_v2_plus|1,1,schedule_value_learner_v2_plus,259.99999981954716,4441.664960843902,client_004_kharkiv_hospital|nbeatsx_official_global_panel_horizon_calibrated_v1|2026-04-19T23:00:00|schedule_value_learner_v2_plus|1,259.99999981954716,4441.664960843902,0.0,0.0,0.0,-0.0,true,predicted_improvement_below_threshold,0.06666666666666667,true,true,false,false,false,true
client_004_kharkiv_hospital,nbeatsx_official_global_panel_horizon_calibrated_v1,2026-04-20T23:00:00.000000,client_004_kharkiv_hospital|nbeatsx_official_global_panel_horizon_calibrated_v1|2026-04-20T23:00:00|schedule_value_learner_v2_plus|1,1,schedule_value_learner_v2_plus,55.22596707033608,5370.066751764943,client_004_kharkiv_hospital|nbeatsx_official_global_panel_horizon_calibrated_v1|2026-04-20T23:00:00|schedule_value_learner_v2_plus|1,55.22596707033608,5370.066751764943,0.0,0.0,0.0,-0.0,true,predicted_improvement_below_threshold,0.34444444444444444,true,true,false,false,false,true
client_004_kharkiv_hospital,nbeatsx_official_global_panel_horizon_calibrated_v1,2026-04-21T23:00:00.000000,client_004_kharkiv_hospital|nbeatsx_official_global_panel_horizon_calibrated_v1|2026-04-21T23:00:00|schedule_value_learner_v2_plus|1,1,schedule_value_learner_v2_plus,54.53508164386221,5368.381467957,client_004_kharkiv_hospital|nbeatsx_official_global_panel_horizon_calibrated_v1|2026-04-21T23:00:00|schedule_value_learner_v2_plus|1,54.53508164386221,5368.381467957,0.0,0.0,0.0,-0.0,true,predicted_improvement_below_threshold,0.06666666666666667,true,true,false,false,false,true
client_004_kharkiv_hospital,nbeatsx_official_global_panel_horizon_calibrated_v1,2026-04-22T23:00:00.000000,client_004_kharkiv_hospital|nbeatsx_official_global_panel_horizon_calibrated_v1|2026-04-22T23:00:00|schedule_value_learner_v2_plus|1,1,schedule_value_learner_v2_plus,62.055008522706885,5715.0006856784175,client_004_kharkiv_hospital|nbeatsx_official_global_panel_horizon_calibrated_v1|2026-04-22T23:00:00|schedule_value_learner_v2_plus|1,62.055008522706885,5715.0006856784175,0.0,0.0,0.0,-0.0,true,predicted_improvement_below_threshold,0.06666666666666667,true,true,false,false,false,true
client_004_kharkiv_hospital,nbeatsx_official_global_panel_horizon_calibrated_v1,2026-04-23T23:00:00.000000,client_004_kharkiv_hospital|nbeatsx_official_global_panel_horizon_calibrated_v1|2026-04-23T23:00:00|schedule_value_learner_v2_plus|1,1,schedule_value_learner_v2_plus,36.15303234788826,5637.384196211086,client_004_kharkiv_hospital|nbeatsx_official_global_panel_horizon_calibrated_v1|2026-04-23T23:00:00|schedule_value_learner_v2_plus|1,36.15303234788826,5637.384196211086,0.0,0.0,0.0,-0.0,true,predicted_improvement_below_threshold,0.06666666666666667,true,true,false,false,false,true
client_004_kharkiv_hospital,nbeatsx_official_global_panel_horizon_calibrated_v1,2026-04-24T23:00:00.000000,client_004_kharkiv_hospital|nbeatsx_official_global_panel_horizon_calibrated_v1|2026-04-24T23:00:00|schedule_value_learner_v2_plus|1,1,schedule_value_learner_v2_plus,4.168808926543534,5397.261182682421,client_004_kharkiv_hospital|nbeatsx_official_global_panel_horizon_calibrated_v1|2026-04-24T23:00:00|schedule_value_learner_v2_plus|1,4.168808926543534,5397.261182682421,0.0,0.0,0.0,-0.0,true,predicted_improvement_below_threshold,0.06666666666666667,true,true,false,false,false,true
client_004_kharkiv_hospital,nbeatsx_official_global_panel_horizon_calibrated_v1,2026-04-25T23:00:00.000000,client_004_kharkiv_hospital|nbeatsx_official_global_panel_horizon_calibrated_v1|2026-04-25T23:00:00|schedule_value_learner_v2_plus|1,1,schedule_value_learner_v2_plus,1462.2603623070618,4285.389867218899,client_004_kharkiv_hospital|nbeatsx_official_global_panel_horizon_calibrated_v1|2026-04-25T23:00:00|schedule_value_learner_v2_plus|1,1462.2603623070618,4285.389867218899,0.0,0.0,0.0,-0.0,true,predicted_improvement_below_threshold,0.06666666666666667,true,true,false,false,false,true
client_004_kharkiv_hospital,nbeatsx_official_global_panel_horizon_calibrated_v1,2026-04-26T23:00:00.000000,client_004_kharkiv_hospital|nbeatsx_official_global_panel_horizon_calibrated_v1|2026-04-26T23:00:00|schedule_value_learner_v2_plus|1,1,schedule_value_learner_v2_plus,0.0,5709.546352222078,client_004_kharkiv_hospital|nbeatsx_official_global_panel_horizon_calibrated_v1|2026-04-26T23:00:00|schedule_value_learner_v2_plus|1,0.0,5709.546352222078,0.0,0.0,0.0,-0.0,true,predicted_improvement_below_threshold,0.06666666666666667,true,true,false,false,false,true
client_004_kharkiv_hospital,nbeatsx_official_global_panel_horizon_calibrated_v1,2026-04-27T23:00:00.000000,client_004_kharkiv_hospital|nbeatsx_official_global_panel_horizon_calibrated_v1|2026-04-27T23:00:00|schedule_value_learner_v2_plus|1,1,schedule_value_learner_v2_plus,98.26315134258766,5610.510805304252,client_004_kharkiv_hospital|nbeatsx_official_global_panel_horizon_calibrated_v1|2026-04-27T23:00:00|schedule_value_learner_v2_plus|1,98.26315134258766,5610.510805304252,0.0,0.0,0.0,-0.0,true,predicted_improvement_below_threshold,0.06666666666666667,true,true,false,false,false,true
client_004_kharkiv_hospital,nbeatsx_official_global_panel_horizon_calibrated_v1,2026-04-28T23:00:00.000000,client_004_kharkiv_hospital|nbeatsx_official_global_panel_horizon_calibrated_v1|2026-04-28T23:00:00|schedule_value_learner_v2_plus|1,1,schedule_value_learner_v2_plus,0.15447202334325993,5536.053827435639,client_004_kharkiv_hospital|nbeatsx_official_global_panel_horizon_calibrated_v1|2026-04-28T23:00:00|schedule_value_learner_v2_plus|1,0.15447202334325993,5536.053827435639,0.0,0.0,0.0,-0.0,true,predicted_improvement_below_threshold,0.06666666666666667,true,true,false,false,false,true
client_004_kharkiv_hospital,nbeatsx_official_global_panel_horizon_calibrated_v1,2026-04-29T23:00:00.000000,client_004_kharkiv_hospital|nbeatsx_official_global_panel_horizon_calibrated_v1|2026-04-29T23:00:00|schedule_value_learner_v2_plus|1,1,schedule_value_learner_v2_plus,670.3840519468195,5601.442378642554,client_004_kharkiv_hospital|nbeatsx_official_global_panel_horizon_calibrated_v1|2026-04-29T23:00:00|schedule_value_learner_v2_plus|1,670.3840519468195,5601.442378642554,0.0,0.0,0.0,-0.0,true,predicted_improvement_below_threshold,0.06666666666666667,true,true,false,false,false,true
client_005_odesa_hotel,nbeatsx_official_global_panel_horizon_calibrated_v1,2026-04-12T23:00:00.000000,client_005_odesa_hotel|nbeatsx_official_global_panel_horizon_calibrated_v1|2026-04-12T23:00:00|schedule_value_learner_v2_plus|1,1,schedule_value_learner_v2_plus,22.460892500273758,1745.0857570353974,client_005_odesa_hotel|nbeatsx_official_global_panel_horizon_calibrated_v1|2026-04-12T23:00:00|schedule_value_learner_v2_plus|1,22.460892500273758,1745.0857570353974,0.0,0.0,0.0,-0.0,true,predicted_improvement_below_threshold,0.06666666666666667,true,true,false,false,false,true
client_005_odesa_hotel,nbeatsx_official_global_panel_horizon_calibrated_v1,2026-04-13T23:00:00.000000,client_005_odesa_hotel|nbeatsx_official_global_panel_horizon_calibrated_v1|2026-04-13T23:00:00|schedule_value_learner_v2_plus|1,1,schedule_value_learner_v2_plus,51.995816443065905,2163.5903709023414,client_005_odesa_hotel|nbeatsx_official_global_panel_horizon_calibrated_v1|2026-04-13T23:00:00|schedule_value_learner_v2_plus|1,51.995816443065905,2163.5903709023414,0.0,0.0,0.0,-0.0,true,predicted_improvement_below_threshold,0.06666666666666667,true,true,false,false,false,true
client_005_odesa_hotel,nbeatsx_official_global_panel_horizon_calibrated_v1,2026-04-14T23:00:00.000000,client_005_odesa_hotel|nbeatsx_official_global_panel_horizon_calibrated_v1|2026-04-14T23:00:00|schedule_value_learner_v2_plus|1,1,schedule_value_learner_v2_plus,49.95672227592604,2175.7470158189126,client_005_odesa_hotel|nbeatsx_official_global_panel_horizon_calibrated_v1|2026-04-14T23:00:00|schedule_value_learner_v2_plus|1,49.95672227592604,2175.7470158189126,0.0,0.0,0.0,-0.0,true,predicted_improvement_below_threshold,0.06666666666666667,true,true,false,false,false,true
client_005_odesa_hotel,nbeatsx_official_global_panel_horizon_calibrated_v1,2026-04-15T23:00:00.000000,client_005_odesa_hotel|nbeatsx_official_global_panel_horizon_calibrated_v1|2026-04-15T23:00:00|strict_reference|3,3,strict_reference,46.356611302588135,1727.4672257241218,client_005_odesa_hotel|nbeatsx_official_global_panel_horizon_calibrated_v1|2026-04-15T23:00:00|schedule_value_learner_v2_plus|1,201.83337270524794,1571.990464321462,-155.4767614026598,155.4767614026598,-71.64628189188717,71.64628189188717,false,selected_predicted_regret_improvement,0.34444444444444444,true,true,false,false,false,true
client_005_odesa_hotel,nbeatsx_official_global_panel_horizon_calibrated_v1,2026-04-16T23:00:00.000000,client_005_odesa_hotel|nbeatsx_official_global_panel_horizon_calibrated_v1|2026-04-16T23:00:00|schedule_value_learner_v2_plus|1,1,schedule_value_learner_v2_plus,10.160908907480461,2380.0494801698264,client_005_odesa_hotel|nbeatsx_official_global_panel_horizon_calibrated_v1|2026-04-16T23:00:00|schedule_value_learner_v2_plus|1,10.160908907480461,2380.0494801698264,0.0,0.0,0.0,-0.0,true,predicted_improvement_below_threshold,0.34444444444444444,true,true,false,false,false,true
client_005_odesa_hotel,nbeatsx_official_global_panel_horizon_calibrated_v1,2026-04-17T23:00:00.000000,client_005_odesa_hotel|nbeatsx_official_global_panel_horizon_calibrated_v1|2026-04-17T23:00:00|schedule_value_learner_v2_plus|1,1,schedule_value_learner_v2_plus,41.39173991134203,2193.6387145947324,client_005_odesa_hotel|nbeatsx_official_global_panel_horizon_calibrated_v1|2026-04-17T23:00:00|schedule_value_learner_v2_plus|1,41.39173991134203,2193.6387145947324,0.0,0.0,0.0,-0.0,true,predicted_improvement_below_threshold,0.06666666666666667,true,true,false,false,false,true
client_005_odesa_hotel,nbeatsx_official_global_panel_horizon_calibrated_v1,2026-04-18T23:00:00.000000,client_005_odesa_hotel|nbeatsx_official_global_panel_horizon_calibrated_v1|2026-04-18T23:00:00|schedule_value_learner_v2_plus|1,1,schedule_value_learner_v2_plus,153.04726303452094,1751.9110838666513,client_005_odesa_hotel|nbeatsx_official_global_panel_horizon_calibrated_v1|2026-04-18T23:00:00|schedule_value_learner_v2_plus|1,153.04726303452094,1751.9110838666513,0.0,0.0,0.0,-0.0,true,predicted_improvement_below_threshold,0.06666666666666667,true,true,false,false,false,true
client_005_odesa_hotel,nbeatsx_official_global_panel_horizon_calibrated_v1,2026-04-19T23:00:00.000000,client_005_odesa_hotel|nbeatsx_official_global_panel_horizon_calibrated_v1|2026-04-19T23:00:00|schedule_value_learner_v2_plus|1,1,schedule_value_learner_v2_plus,154.8810588159679,1811.182114490481,client_005_odesa_hotel|nbeatsx_official_global_panel_horizon_calibrated_v1|2026-04-19T23:00:00|schedule_value_learner_v2_plus|1,154.8810588159679,1811.182114490481,0.0,0.0,0.0,-0.0,true,predicted_improvement_below_threshold,0.06666666666666667,true,true,false,false,false,true
client_005_odesa_hotel,nbeatsx_official_global_panel_horizon_calibrated_v1,2026-04-20T23:00:00.000000,client_005_odesa_hotel|nbeatsx_official_global_panel_horizon_calibrated_v1|2026-04-20T23:00:00|schedule_value_learner_v2_plus|1,1,schedule_value_learner_v2_plus,60.764011449926784,2256.1167821883423,client_005_odesa_hotel|nbeatsx_official_global_panel_horizon_calibrated_v1|2026-04-20T23:00:00|schedule_value_learner_v2_plus|1,60.764011449926784,2256.1167821883423,0.0,0.0,0.0,-0.0,true,predicted_improvement_below_threshold,0.06666666666666667,true,true,false,false,false,true
client_005_odesa_hotel,nbeatsx_official_global_panel_horizon_calibrated_v1,2026-04-21T23:00:00.000000,client_005_odesa_hotel|nbeatsx_official_global_panel_horizon_calibrated_v1|2026-04-21T23:00:00|schedule_value_learner_v2_plus|1,1,schedule_value_learner_v2_plus,7.709000514398667,2298.062652396842,client_005_odesa_hotel|nbeatsx_official_global_panel_horizon_calibrated_v1|2026-04-21T23:00:00|schedule_value_learner_v2_plus|1,7.709000514398667,2298.062652396842,0.0,0.0,0.0,-0.0,true,predicted_improvement_below_threshold,0.06666666666666667,true,true,false,false,false,true
client_005_odesa_hotel,nbeatsx_official_global_panel_horizon_calibrated_v1,2026-04-22T23:00:00.000000,client_005_odesa_hotel|nbeatsx_official_global_panel_horizon_calibrated_v1|2026-04-22T23:00:00|schedule_value_learner_v2_plus|1,1,schedule_value_learner_v2_plus,52.64639475140575,2447.7621058468194,client_005_odesa_hotel|nbeatsx_official_global_panel_horizon_calibrated_v1|2026-04-22T23:00:00|schedule_value_learner_v2_plus|1,52.64639475140575,2447.7621058468194,0.0,0.0,0.0,-0.0,true,predicted_improvement_below_threshold,0.06666666666666667,true,true,false,false,false,true
client_005_odesa_hotel,nbeatsx_official_global_panel_horizon_calibrated_v1,2026-04-23T23:00:00.000000,client_005_odesa_hotel|nbeatsx_official_global_panel_horizon_calibrated_v1|2026-04-23T23:00:00|schedule_value_learner_v2_plus|1,1,schedule_value_learner_v2_plus,93.28862444766537,2332.166297647398,client_005_odesa_hotel|nbeatsx_official_global_panel_horizon_calibrated_v1|2026-04-23T23:00:00|schedule_value_learner_v2_plus|1,93.28862444766537,2332.166297647398,0.0,0.0,0.0,-0.0,true,predicted_improvement_below_threshold,0.06666666666666667,true,true,false,false,false,true
client_005_odesa_hotel,nbeatsx_official_global_panel_horizon_calibrated_v1,2026-04-24T23:00:00.000000,client_005_odesa_hotel|nbeatsx_official_global_panel_horizon_calibrated_v1|2026-04-24T23:00:00|schedule_value_learner_v2_plus|1,1,schedule_value_learner_v2_plus,4.00596299611334,2340.4976474254654,client_005_odesa_hotel|nbeatsx_official_global_panel_horizon_calibrated_v1|2026-04-24T23:00:00|schedule_value_learner_v2_plus|1,4.00596299611334,2340.4976474254654,0.0,0.0,0.0,-0.0,true,predicted_improvement_below_threshold,0.06666666666666667,true,true,false,false,false,true
client_005_odesa_hotel,nbeatsx_official_global_panel_horizon_calibrated_v1,2026-04-25T23:00:00.000000,client_005_odesa_hotel|nbeatsx_official_global_panel_horizon_calibrated_v1|2026-04-25T23:00:00|schedule_value_learner_v2_plus|1,1,schedule_value_learner_v2_plus,676.2854206679954,1850.3886977519574,client_005_odesa_hotel|nbeatsx_official_global_panel_horizon_calibrated_v1|2026-04-25T23:00:00|schedule_value_learner_v2_plus|1,676.2854206679954,1850.3886977519574,0.0,0.0,0.0,-0.0,true,predicted_improvement_below_threshold,0.06666666666666667,true,true,false,false,false,true
client_005_odesa_hotel,nbeatsx_official_global_panel_horizon_calibrated_v1,2026-04-26T23:00:00.000000,client_005_odesa_hotel|nbeatsx_official_global_panel_horizon_calibrated_v1|2026-04-26T23:00:00|schedule_value_learner_v2_plus|1,1,schedule_value_learner_v2_plus,26.027896249130208,2416.0280372829247,client_005_odesa_hotel|nbeatsx_official_global_panel_horizon_calibrated_v1|2026-04-26T23:00:00|schedule_value_learner_v2_plus|1,26.027896249130208,2416.0280372829247,0.0,0.0,0.0,-0.0,true,predicted_improvement_below_threshold,0.06666666666666667,true,true,false,false,false,true
client_005_odesa_hotel,nbeatsx_official_global_panel_horizon_calibrated_v1,2026-04-27T23:00:00.000000,client_005_odesa_hotel|nbeatsx_official_global_panel_horizon_calibrated_v1|2026-04-27T23:00:00|schedule_value_learner_v2_plus|1,1,schedule_value_learner_v2_plus,88.36143600977539,2353.3512110634397,client_005_odesa_hotel|nbeatsx_official_global_panel_horizon_calibrated_v1|2026-04-27T23:00:00|schedule_value_learner_v2_plus|1,88.36143600977539,2353.3512110634397,0.0,0.0,0.0,-0.0,true,predicted_improvement_below_threshold,0.06666666666666667,true,true,false,false,false,true
client_005_odesa_hotel,nbeatsx_official_global_panel_horizon_calibrated_v1,2026-04-28T23:00:00.000000,client_005_odesa_hotel|nbeatsx_official_global_panel_horizon_calibrated_v1|2026-04-28T23:00:00|schedule_value_learner_v2_plus|1,1,schedule_value_learner_v2_plus,6.401837685441478,2353.1818867374272,client_005_odesa_hotel|nbeatsx_official_global_panel_horizon_calibrated_v1|2026-04-28T23:00:00|schedule_value_learner_v2_plus|1,6.401837685441478,2353.1818867374272,0.0,0.0,0.0,-0.0,true,predicted_improvement_below_threshold,0.06666666666666667,true,true,false,false,false,true
client_005_odesa_hotel,nbeatsx_official_global_panel_horizon_calibrated_v1,2026-04-29T23:00:00.000000,client_005_odesa_hotel|nbeatsx_official_global_panel_horizon_calibrated_v1|2026-04-29T23:00:00|schedule_value_learner_v2_plus|1,1,schedule_value_learner_v2_plus,377.1672093248512,2395.5030726080518,client_005_odesa_hotel|nbeatsx_official_global_panel_horizon_calibrated_v1|2026-04-29T23:00:00|schedule_value_learner_v2_plus|1,377.1672093248512,2395.5030726080518,0.0,0.0,0.0,-0.0,true,predicted_improvement_below_threshold,0.06666666666666667,true,true,false,false,false,true
